{"unique_id":1167960240,"width":96,"height":48,"start":[16,8],"end":[90,38],"entities":[{"class":"wall","start":[61,8],"end":[62,8],"oneway":true,"open":false,"color":0},{"class":"wall","start":[62,8],"end":[63,8],"oneway":true,"open":false,"color":0},{"class":"wall","start":[63,8],"end":[64,8],"oneway":true,"open":false,"color":0},{"class":"wall","start":[64,8],"end":[65,8],"oneway":true,"open":false,"color":0},{"class":"wall","start":[65,8],"end":[66,8],"oneway":true,"open":false,"color":0},{"class":"wall","start":[66,8],"end":[67,8],"oneway":true,"open":false,"color":0},{"class":"wall","start":[67,8],"end":[68,8],"oneway":true,"open":false,"color":0},{"class":"wall","start":[60,8],"end":[61,8],"oneway":true,"open":false,"color":0},{"class":"wall","start":[60,10],"end":[61,10],"oneway":true,"open":false,"color":0},{"class":"wall","start":[61,10],"end":[62,10],"oneway":true,"open":false,"color":0},{"class":"wall","start":[62,10],"end":[63,10],"oneway":true,"open":false,"color":0},{"class":"wall","start":[63,10],"end":[64,10],"oneway":true,"open":false,"color":0},{"class":"wall","start":[64,10],"end":[65,10],"oneway":true,"open":false,"color":0},{"class":"wall","start":[65,10],"end":[66,10],"oneway":true,"open":false,"color":0},{"class":"wall","start":[66,10],"end":[67,10],"oneway":true,"open":false,"color":0},{"class":"wall","start":[67,10],"end":[68,10],"oneway":true,"open":false,"color":0},{"class":"wall","start":[60,13],"end":[61,13],"oneway":true,"open":false,"color":0},{"class":"wall","start":[61,13],"end":[62,13],"oneway":true,"open":false,"color":0},{"class":"wall","start":[63,13],"end":[64,13],"oneway":true,"open":false,"color":0},{"class":"wall","start":[62,13],"end":[63,13],"oneway":true,"open":false,"color":0},{"class":"wall","start":[64,16],"end":[65,16],"oneway":true,"open":false,"color":0},{"class":"wall","start":[65,16],"end":[66,16],"oneway":true,"open":false,"color":0},{"class":"wall","start":[66,16],"end":[67,16],"oneway":true,"open":false,"color":0},{"class":"wall","start":[67,16],"end":[68,16],"oneway":true,"open":false,"color":0},{"class":"wall","start":[63,19],"end":[64,19],"oneway":true,"open":false,"color":0},{"class":"wall","start":[62,19],"end":[63,19],"oneway":true,"open":false,"color":0},{"class":"wall","start":[66,21],"end":[67,21],"oneway":true,"open":false,"color":0},{"class":"wall","start":[67,21],"end":[68,21],"oneway":true,"open":false,"color":0},{"class":"wall","start":[60,23],"end":[61,23],"oneway":true,"open":false,"color":0},{"class":"wall","start":[61,23],"end":[62,23],"oneway":true,"open":false,"color":0},{"class":"wall","start":[64,28],"end":[65,28],"oneway":true,"open":false,"color":0},{"class":"wall","start":[63,28],"end":[64,28],"oneway":true,"open":false,"color":0},{"class":"wall","start":[60,9],"end":[60,8],"oneway":true,"open":false,"color":0},{"class":"wall","start":[67,28],"end":[68,29],"oneway":true,"open":false,"color":0},{"class":"wall","start":[60,29],"end":[61,28],"oneway":true,"open":false,"color":0},{"class":"wall","start":[68,16],"end":[68,17],"oneway":true,"open":false,"color":0},{"class":"wall","start":[40,17],"end":[39,16],"oneway":true,"open":false,"color":0},{"class":"wall","start":[42,16],"end":[41,17],"oneway":true,"open":false,"color":0},{"class":"wall","start":[42,18],"end":[43,19],"oneway":false,"open":false,"color":0},{"class":"wall","start":[44,17],"end":[45,17],"oneway":false,"open":false,"color":0},{"class":"wall","start":[45,17],"end":[46,17],"oneway":false,"open":false,"color":0},{"class":"wall","start":[47,17],"end":[46,17],"oneway":false,"open":false,"color":0},{"class":"wall","start":[47,17],"end":[48,17],"oneway":false,"open":false,"color":0},{"class":"wall","start":[44,11],"end":[45,11],"oneway":false,"open":false,"color":0},{"class":"wall","start":[45,11],"end":[46,11],"oneway":false,"open":false,"color":0},{"class":"wall","start":[46,11],"end":[47,11],"oneway":false,"open":false,"color":0},{"class":"wall","start":[47,11],"end":[48,11],"oneway":false,"open":false,"color":0},{"class":"wall","start":[72,37],"end":[73,37],"oneway":true,"open":false,"color":0},{"class":"wall","start":[73,37],"end":[74,37],"oneway":true,"open":false,"color":0},{"class":"wall","start":[74,37],"end":[75,37],"oneway":true,"open":false,"color":0},{"class":"wall","start":[73,40],"end":[72,40],"oneway":true,"open":false,"color":0},{"class":"wall","start":[74,40],"end":[73,40],"oneway":true,"open":false,"color":0},{"class":"wall","start":[75,40],"end":[74,40],"oneway":true,"open":false,"color":0},{"class":"wall","start":[76,40],"end":[75,40],"oneway":true,"open":false,"color":0},{"class":"wall","start":[77,40],"end":[76,40],"oneway":true,"open":false,"color":0},{"class":"wall","start":[78,40],"end":[77,40],"oneway":true,"open":false,"color":0},{"class":"wall","start":[79,40],"end":[78,40],"oneway":true,"open":false,"color":0},{"class":"wall","start":[80,40],"end":[79,40],"oneway":true,"open":false,"color":0},{"class":"wall","start":[81,40],"end":[80,40],"oneway":true,"open":false,"color":0},{"class":"wall","start":[82,40],"end":[81,40],"oneway":true,"open":false,"color":0},{"class":"wall","start":[83,40],"end":[82,40],"oneway":true,"open":false,"color":0},{"class":"wall","start":[84,40],"end":[83,40],"oneway":true,"open":false,"color":0},{"class":"wall","start":[85,40],"end":[84,40],"oneway":true,"open":false,"color":0},{"class":"wall","start":[86,40],"end":[85,40],"oneway":true,"open":false,"color":0},{"class":"wall","start":[75,37],"end":[76,37],"oneway":true,"open":false,"color":0},{"class":"wall","start":[76,37],"end":[77,37],"oneway":true,"open":false,"color":0},{"class":"wall","start":[77,37],"end":[78,37],"oneway":true,"open":false,"color":0},{"class":"wall","start":[78,37],"end":[79,37],"oneway":true,"open":false,"color":0},{"class":"wall","start":[79,37],"end":[80,37],"oneway":true,"open":false,"color":0},{"class":"wall","start":[80,37],"end":[81,37],"oneway":true,"open":false,"color":0},{"class":"wall","start":[81,37],"end":[82,37],"oneway":true,"open":false,"color":0},{"class":"wall","start":[83,37],"end":[84,37],"oneway":true,"open":false,"color":0},{"class":"wall","start":[84,37],"end":[85,37],"oneway":true,"open":false,"color":0},{"class":"wall","start":[85,37],"end":[86,37],"oneway":true,"open":false,"color":0},{"class":"wall","start":[82,37],"end":[83,37],"oneway":true,"open":false,"color":0},{"class":"wall","start":[46,12],"end":[45,12],"oneway":false,"open":false,"color":0},{"class":"wall","start":[47,12],"end":[46,12],"oneway":false,"open":false,"color":0},{"class":"wall","start":[47,12],"end":[48,12],"oneway":false,"open":false,"color":0},{"class":"wall","start":[49,12],"end":[48,12],"oneway":false,"open":false,"color":0},{"class":"wall","start":[44,13],"end":[45,13],"oneway":false,"open":false,"color":0},{"class":"wall","start":[46,13],"end":[45,13],"oneway":false,"open":false,"color":0},{"class":"wall","start":[46,13],"end":[47,13],"oneway":false,"open":false,"color":0},{"class":"wall","start":[47,13],"end":[48,13],"oneway":false,"open":false,"color":0},{"class":"wall","start":[48,15],"end":[47,15],"oneway":false,"open":false,"color":0},{"class":"wall","start":[46,15],"end":[47,15],"oneway":false,"open":false,"color":0},{"class":"wall","start":[45,15],"end":[46,15],"oneway":false,"open":false,"color":0},{"class":"wall","start":[68,27],"end":[68,26],"oneway":true,"open":false,"color":2},{"class":"wall","start":[45,19],"end":[44,19],"oneway":false,"open":false,"color":0},{"class":"wall","start":[45,19],"end":[46,19],"oneway":false,"open":false,"color":0},{"class":"wall","start":[47,19],"end":[46,19],"oneway":false,"open":false,"color":0},{"class":"wall","start":[47,19],"end":[48,19],"oneway":false,"open":false,"color":0},{"class":"wall","start":[48,18],"end":[49,18],"oneway":false,"open":false,"color":0},{"class":"wall","start":[48,18],"end":[47,18],"oneway":false,"open":false,"color":0},{"class":"wall","start":[47,18],"end":[46,18],"oneway":false,"open":false,"color":0},{"class":"wall","start":[45,18],"end":[46,18],"oneway":false,"open":false,"color":0},{"class":"wall","start":[46,16],"end":[47,16],"oneway":false,"open":false,"color":0},{"class":"wall","start":[47,16],"end":[48,16],"oneway":false,"open":false,"color":0},{"class":"wall","start":[49,16],"end":[48,16],"oneway":false,"open":false,"color":0},{"class":"wall","start":[45,16],"end":[46,16],"oneway":false,"open":false,"color":0},{"class":"wall","start":[45,14],"end":[46,14],"oneway":false,"open":false,"color":0},{"class":"wall","start":[46,14],"end":[47,14],"oneway":false,"open":false,"color":0},{"class":"wall","start":[47,14],"end":[48,14],"oneway":false,"open":false,"color":0},{"class":"wall","start":[49,14],"end":[48,14],"oneway":false,"open":false,"color":0},{"class":"wall","start":[45,15],"end":[44,15],"oneway":false,"open":false,"color":0},{"class":"wall","start":[40,13],"end":[41,13],"oneway":true,"open":false,"color":0},{"class":"wall","start":[26,9],"end":[26,8],"oneway":true,"open":false,"color":0},{"class":"wall","start":[44,9],"end":[44,8],"oneway":true,"open":false,"color":0},{"class":"wall","start":[47,9],"end":[46,9],"oneway":false,"open":false,"color":0},{"class":"wall","start":[45,9],"end":[46,9],"oneway":false,"open":false,"color":0},{"class":"wall","start":[44,9],"end":[45,9],"oneway":false,"open":false,"color":0},{"class":"wall","start":[45,10],"end":[46,10],"oneway":false,"open":false,"color":0},{"class":"wall","start":[46,10],"end":[47,10],"oneway":false,"open":false,"color":0},{"class":"wall","start":[48,10],"end":[47,10],"oneway":false,"open":false,"color":0},{"class":"wall","start":[48,10],"end":[49,10],"oneway":false,"open":false,"color":0},{"class":"wall","start":[47,9],"end":[48,9],"oneway":false,"open":false,"color":0},{"class":"wall","start":[40,9],"end":[41,9],"oneway":true,"open":false,"color":0},{"class":"wall","start":[39,9],"end":[38,9],"oneway":true,"open":false,"color":0},{"class":"wall","start":[43,9],"end":[42,9],"oneway":true,"open":false,"color":0},{"class":"wall","start":[40,9],"end":[39,9],"oneway":true,"open":false,"color":0},{"class":"wall","start":[42,9],"end":[41,9],"oneway":true,"open":false,"color":0},{"class":"wall","start":[49,9],"end":[48,9],"oneway":true,"open":false,"color":0},{"class":"cog","pos":[22.0209,12.4087]},{"class":"cog","pos":[70.4793,21.4809]},{"class":"cog","pos":[48.5034,9.4702]},{"class":"button","type":0,"pos":[16.5217,8.45404],"walls":[106,105]},{"class":"button","type":1,"pos":[48.4702,9.46353],"walls":[106,105]},{"class":"sign","pos":[37.573,8.50607],"text":"Go up for a challenge!"},{"class":"enemy","type":"wall crawler","pos":[8.656,8.26947],"color":0,"angle":0},{"class":"enemy","type":"wall crawler","pos":[9.21173,8.27111],"color":0,"angle":0},{"class":"enemy","type":"wall crawler","pos":[9.76326,8.26433],"color":0,"angle":0},{"class":"enemy","type":"wall crawler","pos":[10.3232,8.26433],"color":0,"angle":0},{"class":"enemy","type":"wall crawler","pos":[10.8941,8.27274],"color":0,"angle":0},{"class":"enemy","type":"wall crawler","pos":[11.4566,8.26433],"color":0,"angle":0},{"class":"enemy","type":"wall crawler","pos":[12.0208,8.2669],"color":0,"angle":0},{"class":"enemy","type":"wall crawler","pos":[12.5917,8.2669],"color":0,"angle":0},{"class":"enemy","type":"wall crawler","pos":[8.30492,8.69122],"color":0,"angle":0},{"class":"enemy","type":"wall crawler","pos":[8.92805,8.71454],"color":0,"angle":0},{"class":"enemy","type":"wall crawler","pos":[9.48758,8.71491],"color":0,"angle":0},{"class":"enemy","type":"wall crawler","pos":[10.0393,8.71861],"color":0,"angle":0},{"class":"enemy","type":"wall crawler","pos":[10.6002,8.72459],"color":0,"angle":0},{"class":"enemy","type":"wall crawler","pos":[11.1797,8.71861],"color":0,"angle":0},{"class":"enemy","type":"wall crawler","pos":[11.7304,8.7102],"color":0,"angle":0},{"class":"enemy","type":"wall crawler","pos":[12.3134,8.71889],"color":0,"angle":0},{"class":"enemy","type":"wall crawler","pos":[12.878,8.72207],"color":0,"angle":0},{"class":"enemy","type":"wall crawler","pos":[8.04021,8.25079],"color":0,"angle":0},{"class":"enemy","type":"wall crawler","pos":[7.74328,8.73407],"color":0,"angle":0},{"class":"enemy","type":"wall crawler","pos":[7.46024,8.25515],"color":0,"angle":0},{"class":"enemy","type":"wall crawler","pos":[7.16675,8.72327],"color":0,"angle":0},{"class":"enemy","type":"wall crawler","pos":[6.85947,8.24824],"color":0,"angle":0},{"class":"enemy","type":"wall crawler","pos":[6.56204,8.70829],"color":0,"angle":0},{"class":"enemy","type":"wall crawler","pos":[6.25776,8.25408],"color":0,"angle":0},{"class":"enemy","type":"wall crawler","pos":[5.95987,8.71326],"color":0,"angle":0},{"class":"enemy","type":"wall crawler","pos":[5.67637,8.2642],"color":0,"angle":0},{"class":"enemy","type":"wall crawler","pos":[5.35576,8.70953],"color":0,"angle":0},{"class":"enemy","type":"wall crawler","pos":[5.04242,8.25817],"color":0,"angle":0},{"class":"enemy","type":"wall crawler","pos":[4.75416,8.71154],"color":0,"angle":0},{"class":"enemy","type":"wall crawler","pos":[4.41521,8.26712],"color":0,"angle":0},{"class":"enemy","type":"wall crawler","pos":[4.13449,8.71774],"color":0,"angle":0},{"class":"enemy","type":"wall crawler","pos":[3.80896,8.26378],"color":0,"angle":0},{"class":"enemy","type":"wall crawler","pos":[3.49345,8.72207],"color":0,"angle":0},{"class":"enemy","type":"wall crawler","pos":[3.2134,8.25572],"color":0,"angle":0},{"class":"enemy","type":"wall crawler","pos":[2.89815,8.71358],"color":0,"angle":0},{"class":"enemy","type":"wall crawler","pos":[2.56524,8.26174],"color":0,"angle":0},{"class":"enemy","type":"wall crawler","pos":[2.27281,8.71041],"color":0,"angle":0},{"class":"enemy","type":"wall crawler","pos":[1.95325,8.26584],"color":0,"angle":0},{"class":"enemy","type":"wall crawler","pos":[1.6461,8.70563],"color":0,"angle":0},{"class":"enemy","type":"wall crawler","pos":[1.3163,8.27121],"color":0,"angle":0},{"class":"enemy","type":"popper","pos":[20.0184,9.53867],"color":0,"angle":0},{"class":"enemy","type":"popper","pos":[23.9983,9.55867],"color":0,"angle":0},{"class":"enemy","type":"rocket spider","pos":[62.5374,5.99313],"color":0,"angle":0},{"class":"enemy","type":"rocket spider","pos":[65.5774,5.95313],"color":0,"angle":0},{"class":"enemy","type":"spike ball","pos":[29.4402,7.46504],"color":0,"angle":0},{"class":"enemy","type":"spike ball","pos":[29.4402,5.50755],"color":0,"angle":0},{"class":"enemy","type":"spike ball","pos":[31.5503,5.4567],"color":0,"angle":0},{"class":"enemy","type":"spike ball","pos":[31.474,4.59235],"color":0,"angle":0},{"class":"enemy","type":"spike ball","pos":[33.4569,5.4567],"color":0,"angle":0},{"class":"enemy","type":"spike ball","pos":[33.4569,6.44816],"color":0,"angle":0},{"class":"enemy","type":"spike ball","pos":[34.423,8.43108],"color":0,"angle":0},{"class":"enemy","type":"spike ball","pos":[29.4426,6.46272],"color":0,"angle":0},{"class":"enemy","type":"spike ball","pos":[40.4734,12.4152],"color":0,"angle":0},{"class":"enemy","type":"spike ball","pos":[39.4587,15.4818],"color":0,"angle":0},{"class":"enemy","type":"spike ball","pos":[41.4881,15.4818],"color":0,"angle":0},{"class":"enemy","type":"rocket spider","pos":[75.4955,33.9568],"color":0,"angle":0},{"class":"enemy","type":"rocket spider","pos":[82.5374,33.9314],"color":0,"angle":0},{"class":"enemy","type":"bomber","pos":[73.547,41.9877],"color":0,"angle":0},{"class":"enemy","type":"bomber","pos":[82.521,41.9877],"color":0,"angle":0},{"class":"enemy","type":"spike ball","pos":[38.4663,17.4518],"color":0,"angle":0},{"class":"enemy","type":"spike ball","pos":[42.5077,17.4421],"color":0,"angle":0}],"cells":[[1,1,1,1,1,1,1,1,1,1,1,1,1,1,1,1,1,1,1,1,1,1,1,1,1,1,1,1,1,1,1,1,1,1,1,1,1,1,1,1,1,1,1,1,1,1,1,1,1,1,1,1,1,1,1,1,1,1,1,1,1,1,1,1,1,1,1,1,1,1,1,1,1,1,1,1,1,1,1,1,1,1,1,1,1,1,1,1,1,1,1,1,1,1,1,1],[1,1,1,1,1,1,1,1,1,1,1,1,1,1,1,1,1,1,1,1,1,1,1,1,1,1,1,1,1,1,1,1,1,1,1,1,1,1,1,1,1,1,1,1,1,1,1,1,1,1,1,1,1,1,1,1,1,1,1,1,1,1,1,1,1,1,1,1,1,1,1,1,1,1,1,1,1,1,1,1,1,1,1,1,1,1,1,1,1,1,1,1,1,1,1,1],[1,1,1,1,1,1,1,1,1,1,1,1,1,1,1,1,1,1,1,1,1,1,1,1,1,1,1,1,1,1,1,1,1,1,1,1,1,1,1,1,1,1,1,1,1,1,1,1,1,1,1,1,1,1,1,1,1,1,1,1,1,1,1,1,1,1,1,1,1,1,1,1,1,1,1,1,1,1,1,1,1,1,1,1,1,1,1,1,1,1,1,1,1,1,1,1],[1,1,1,1,1,1,1,1,1,1,1,1,1,1,1,1,1,1,1,1,1,1,1,1,1,1,1,1,1,1,1,1,1,1,1,1,1,1,1,1,1,1,1,1,1,1,1,1,1,1,1,1,1,1,1,1,1,1,1,1,1,1,1,1,1,1,1,1,1,1,1,1,1,1,1,1,1,1,1,1,1,1,1,1,1,1,1,1,1,1,1,1,1,1,1,1],[1,1,1,1,1,1,1,1,1,1,1,1,1,1,1,1,1,1,1,1,1,1,1,1,1,1,1,1,0,0,0,0,0,0,0,0,1,1,1,1,1,1,1,1,1,1,1,1,1,1,1,1,1,1,1,1,1,1,1,1,1,1,1,1,1,1,1,1,1,1,1,1,1,1,1,1,1,1,1,1,1,1,1,1,1,1,1,1,1,1,1,1,1,1,1,1],[1,1,1,1,1,1,1,1,1,1,1,1,1,1,1,1,1,1,1,1,1,1,1,1,1,1,1,1,0,0,0,0,0,0,0,0,1,1,1,1,1,1,1,1,1,1,1,1,1,1,1,1,1,1,1,1,1,1,1,1,0,0,0,0,0,0,0,0,1,1,1,1,1,1,1,1,1,1,1,1,1,1,1,1,1,1,1,1,1,1,1,1,1,1,1,1],[1,1,1,1,1,1,1,1,1,1,1,1,1,1,1,1,1,1,1,1,1,1,1,1,1,1,1,1,0,0,0,0,0,0,0,0,1,1,1,1,1,1,1,1,1,1,1,1,1,1,1,1,1,1,1,1,1,1,1,1,0,0,0,0,0,0,0,0,1,1,1,1,1,1,1,1,1,1,1,1,1,1,1,1,1,1,1,1,1,1,1,1,1,1,1,1],[1,1,1,1,1,1,1,1,1,1,1,1,1,1,1,1,1,1,1,1,1,1,1,1,1,1,1,1,0,0,0,0,0,0,0,0,1,1,1,1,1,1,1,1,1,1,1,1,1,1,1,1,1,1,1,1,1,1,1,1,0,0,0,0,0,0,0,0,1,1,1,1,1,1,1,1,1,1,1,1,1,1,1,1,1,1,1,1,1,1,1,1,1,1,1,1],[1,0,0,0,0,0,0,0,0,0,0,0,0,0,0,0,0,0,0,0,0,0,0,0,0,0,0,0,0,0,0,0,0,0,0,0,0,0,0,0,0,0,0,0,0,0,0,0,0,0,0,0,0,0,0,0,0,0,0,0,0,0,0,0,0,0,0,0,1,1,1,1,1,1,1,1,1,1,1,1,1,1,1,1,1,1,1,1,1,1,1,1,1,1,1,1],[1,1,1,1,1,1,1,1,1,1,1,1,1,1,1,1,1,1,0,0,0,0,0,0,0,0,1,1,1,1,1,1,1,1,1,1,1,1,0,0,0,0,0,1,0,0,0,0,0,1,1,1,1,1,1,1,1,1,1,1,0,0,0,0,0,0,0,0,1,1,1,1,1,1,1,1,1,1,1,1,1,1,1,1,1,1,1,1,1,1,1,1,1,1,1,1],[1,1,1,1,1,1,1,1,1,1,1,1,1,1,1,1,1,1,0,0,0,0,0,0,0,0,1,1,1,1,1,1,1,1,1,1,1,1,0,0,0,0,0,1,0,0,0,0,0,1,1,1,1,1,1,1,1,1,1,1,0,0,0,0,0,0,0,0,1,1,1,1,1,1,1,1,1,1,1,1,1,1,1,1,1,1,1,1,1,1,1,1,1,1,1,1],[1,1,1,1,1,1,1,1,1,1,1,1,1,1,1,1,1,1,0,0,0,0,0,0,0,0,1,1,1,1,1,1,1,1,1,1,1,1,0,0,0,0,0,1,0,0,0,0,0,1,1,1,1,1,1,1,1,1,1,1,0,0,0,0,0,0,0,0,1,1,1,1,1,1,1,1,1,1,1,1,1,1,1,1,1,1,1,1,1,1,1,1,1,1,1,1],[1,1,1,1,1,1,1,1,1,1,1,1,1,1,1,1,1,1,0,0,0,0,0,0,0,0,1,1,1,1,1,1,1,1,1,1,1,1,0,0,0,0,0,1,0,0,0,0,0,1,1,1,1,1,1,1,1,1,1,1,0,0,0,0,0,0,0,0,1,1,1,1,1,1,1,1,1,1,1,1,1,1,1,1,1,1,1,1,1,1,1,1,1,1,1,1],[1,1,1,1,1,1,1,1,1,1,1,1,1,1,1,1,1,1,1,1,1,1,1,1,1,1,1,1,1,1,1,1,1,1,1,1,1,1,0,0,0,0,0,1,0,0,0,0,0,1,1,1,1,1,1,1,1,1,1,1,0,0,0,0,0,0,0,0,1,1,1,1,1,1,1,1,1,1,1,1,1,1,1,1,1,1,1,1,1,1,1,1,1,1,1,1],[1,1,1,1,1,1,1,1,1,1,1,1,1,1,1,1,1,1,1,1,1,1,1,1,1,1,1,1,1,1,1,1,1,1,1,1,1,1,0,0,0,0,0,1,0,0,0,0,0,1,1,1,1,1,1,1,1,1,1,1,0,0,0,0,0,0,0,0,1,1,1,1,1,1,1,1,1,1,1,1,1,1,1,1,1,1,1,1,1,1,1,1,1,1,1,1],[1,1,1,1,1,1,1,1,1,1,1,1,1,1,1,1,1,1,1,1,1,1,1,1,1,1,1,1,1,1,1,1,1,1,1,1,1,1,0,0,0,0,0,1,0,0,0,0,0,1,1,1,1,1,1,1,1,1,1,1,0,0,0,0,0,0,0,0,1,1,1,1,1,1,1,1,1,1,1,1,1,1,1,1,1,1,1,1,1,1,1,1,1,1,1,1],[1,1,1,1,1,1,1,1,1,1,1,1,1,1,1,1,1,1,1,1,1,1,1,1,1,1,1,1,1,1,1,1,1,1,1,1,1,1,0,0,0,0,0,1,0,0,0,0,0,1,1,1,1,1,1,1,1,1,1,1,0,0,0,0,0,0,0,0,0,0,0,0,1,1,1,1,1,1,1,1,1,1,1,1,1,1,1,1,1,1,1,1,1,1,1,1],[1,1,1,1,1,1,1,1,1,1,1,1,1,1,1,1,1,1,1,1,1,1,1,1,1,1,1,1,1,1,1,1,1,1,1,1,1,1,0,0,0,0,0,1,0,0,0,0,0,1,1,1,1,1,1,1,1,1,1,1,0,0,0,0,0,0,0,0,1,1,1,0,1,1,1,1,1,1,1,1,1,1,1,1,1,1,1,1,1,1,1,1,1,1,1,1],[1,1,1,1,1,1,1,1,1,1,1,1,1,1,1,1,1,1,1,1,1,1,1,1,1,1,1,1,1,1,1,1,1,1,1,1,1,1,0,0,0,0,0,1,0,0,0,0,0,1,1,1,1,1,1,1,1,1,1,1,0,0,0,0,0,0,0,0,1,1,1,0,1,1,1,1,1,1,1,1,1,1,1,1,1,1,1,1,1,1,1,1,1,1,1,1],[1,1,1,1,1,1,1,1,1,1,1,1,1,1,1,1,1,1,1,1,1,1,1,1,1,1,1,1,1,1,1,1,1,1,1,1,1,1,0,0,0,0,0,0,0,0,0,0,0,1,1,1,1,1,1,1,1,1,1,1,0,0,0,0,0,0,0,0,1,1,1,0,1,1,1,1,1,1,1,1,1,1,1,1,1,1,1,1,1,1,1,1,1,1,1,1],[1,1,1,1,1,1,1,1,1,1,1,1,1,1,1,1,1,1,1,1,1,1,1,1,1,1,1,1,1,1,1,1,1,1,1,1,1,1,0,0,0,0,0,0,0,0,0,0,0,1,1,1,1,1,1,1,1,1,1,1,0,0,0,0,0,0,0,0,1,1,1,0,1,1,1,1,1,1,1,1,1,1,1,1,1,1,1,1,1,1,1,1,1,1,1,1],[1,1,1,1,1,1,1,1,1,1,1,1,1,1,1,1,1,1,1,1,1,1,1,1,1,1,1,1,1,1,1,1,1,1,1,1,1,1,1,1,1,1,1,1,1,1,1,1,1,1,1,1,1,1,1,1,1,1,1,1,0,0,0,0,0,0,0,0,1,1,0,0,1,1,1,1,1,1,1,1,1,1,1,1,1,1,1,1,1,1,1,1,1,1,1,1],[1,1,1,1,1,1,1,1,1,1,1,1,1,1,1,1,1,1,1,1,1,1,1,1,1,1,1,1,1,1,1,1,1,1,1,1,1,1,1,1,1,1,1,1,1,1,1,1,1,1,1,1,1,1,1,1,1,1,1,1,0,0,0,0,0,0,0,0,1,1,1,0,1,1,1,1,1,1,1,1,1,1,1,1,1,1,1,1,1,1,1,1,1,1,1,1],[1,1,1,1,1,1,1,1,1,1,1,1,1,1,1,1,1,1,1,1,1,1,1,1,1,1,1,1,1,1,1,1,1,1,1,1,1,1,1,1,1,1,1,1,1,1,1,1,1,1,1,1,1,1,1,1,1,1,1,1,0,0,0,0,0,0,0,0,1,1,1,0,1,1,1,1,1,1,1,1,1,1,1,1,1,1,1,1,1,1,1,1,1,1,1,1],[1,1,1,1,1,1,1,1,1,1,1,1,1,1,1,1,1,1,1,1,1,1,1,1,1,1,1,1,1,1,1,1,1,1,1,1,1,1,1,1,1,1,1,1,1,1,1,1,1,1,1,1,1,1,1,1,1,1,1,1,0,0,0,0,0,0,0,0,1,1,1,0,1,1,1,1,1,1,1,1,1,1,1,1,1,1,1,1,1,1,1,1,1,1,1,1],[1,1,1,1,1,1,1,1,1,1,1,1,1,1,1,1,1,1,1,1,1,1,1,1,1,1,1,1,1,1,1,1,1,1,1,1,1,1,1,1,1,1,1,1,1,1,1,1,1,1,1,1,1,1,1,1,1,1,1,1,0,0,0,0,0,0,0,0,1,1,1,0,1,1,1,1,1,1,1,1,1,1,1,1,1,1,1,1,1,1,1,1,1,1,1,1],[1,1,1,1,1,1,1,1,1,1,1,1,1,1,1,1,1,1,1,1,1,1,1,1,1,1,1,1,1,1,1,1,1,1,1,1,1,1,1,1,1,1,1,1,1,1,1,1,1,1,1,1,1,1,1,1,1,1,1,1,0,0,0,0,0,0,0,0,0,0,0,0,1,1,1,1,1,1,1,1,1,1,1,1,1,1,1,1,1,1,1,1,1,1,1,1],[1,1,1,1,1,1,1,1,1,1,1,1,1,1,1,1,1,1,1,1,1,1,1,1,1,1,1,1,1,1,1,1,1,1,1,1,1,1,1,1,1,1,1,1,1,1,1,1,1,1,1,1,1,1,1,1,1,1,1,1,0,0,0,0,0,0,0,0,1,1,1,1,1,1,1,1,1,1,1,1,1,1,1,1,1,1,1,1,1,1,1,1,1,1,1,1],[1,1,1,1,1,1,1,1,1,1,1,1,1,1,1,1,1,1,1,1,1,1,1,1,1,1,1,1,1,1,1,1,1,1,1,1,1,1,1,1,1,1,1,1,1,1,1,1,1,1,1,1,1,1,1,1,1,1,1,1,0,0,0,0,0,0,0,0,1,1,1,1,1,1,1,1,1,1,1,1,1,1,1,1,1,1,1,1,1,1,1,1,1,1,1,1],[1,1,1,1,1,1,1,1,1,1,1,1,1,1,1,1,1,1,1,1,1,1,1,1,1,1,1,1,1,1,1,1,1,1,1,1,1,1,1,1,1,1,1,1,1,1,1,1,1,1,1,1,1,1,1,1,1,1,0,0,0,0,0,0,0,0,0,0,0,0,1,1,1,1,1,1,1,1,1,1,1,1,1,1,1,1,1,1,1,1,1,1,1,1,1,1],[1,1,1,1,1,1,1,1,1,1,1,1,1,1,1,1,1,1,1,1,1,1,1,1,1,1,1,1,1,1,1,1,1,1,1,1,1,1,1,1,1,1,1,1,1,1,1,1,1,1,1,1,1,1,1,1,1,1,0,1,0,0,0,0,0,0,0,0,1,0,1,1,1,1,1,1,1,1,1,1,1,1,1,1,1,1,1,1,1,1,1,1,1,1,1,1],[1,1,1,1,1,1,1,1,1,1,1,1,1,1,1,1,1,1,1,1,1,1,1,1,1,1,1,1,1,1,1,1,1,1,1,1,1,1,1,1,1,1,1,1,1,1,1,1,1,1,1,1,1,1,1,1,1,1,0,1,1,1,1,1,1,1,1,1,1,0,1,1,1,1,1,1,1,1,1,1,1,1,1,1,1,1,1,1,1,1,1,1,1,1,1,1],[1,1,1,1,1,1,1,1,1,1,1,1,1,1,1,1,1,1,1,1,1,1,1,1,1,1,1,1,1,1,1,1,1,1,1,1,1,1,1,1,1,1,1,1,1,1,1,1,1,1,1,1,1,1,1,1,1,1,0,0,0,0,0,0,0,0,0,0,0,0,1,1,1,1,1,1,1,1,1,1,1,1,1,1,1,1,1,1,1,1,1,1,1,1,1,1],[1,1,1,1,1,1,1,1,1,1,1,1,1,1,1,1,1,1,1,1,1,1,1,1,1,1,1,1,1,1,1,1,1,1,1,1,1,1,1,1,1,1,1,1,1,1,1,1,1,1,1,1,1,1,1,1,1,1,1,1,1,1,1,0,0,1,1,1,1,1,1,1,0,0,0,0,0,0,0,0,0,0,0,0,0,0,1,1,1,1,1,1,1,1,1,1],[1,1,1,1,1,1,1,1,1,1,1,1,1,1,1,1,1,1,1,1,1,1,1,1,1,1,1,1,1,1,1,1,1,1,1,1,1,1,1,1,1,1,1,1,1,1,1,1,1,1,1,1,1,1,1,1,1,1,1,1,1,1,1,0,0,1,1,1,1,1,1,1,0,0,0,0,0,0,0,0,0,0,0,0,0,0,1,1,1,1,1,1,1,1,1,1],[1,1,1,1,1,1,1,1,1,1,1,1,1,1,1,1,1,1,1,1,1,1,1,1,1,1,1,1,1,1,1,1,1,1,1,1,1,1,1,1,1,1,1,1,1,1,1,1,1,1,1,1,1,1,1,1,1,1,1,1,1,1,1,0,0,1,1,1,1,1,1,1,0,0,0,0,0,0,0,0,0,0,0,0,0,0,1,1,1,1,1,1,1,1,1,1],[1,1,1,1,1,1,1,1,1,1,1,1,1,1,1,1,1,1,1,1,1,1,1,1,1,1,1,1,1,1,1,1,1,1,1,1,1,1,1,1,1,1,1,1,1,1,1,1,1,1,1,1,1,1,1,1,1,1,1,1,1,1,1,0,0,1,1,1,1,1,1,1,0,0,0,0,0,0,0,0,0,0,0,0,0,0,1,1,1,1,1,1,1,1,1,1],[1,1,1,1,1,1,1,1,1,1,1,1,1,1,1,1,1,1,1,1,1,1,1,1,1,1,1,1,1,1,1,1,1,1,1,1,1,1,1,1,1,1,1,1,1,1,1,1,1,1,1,1,1,1,1,1,1,1,1,1,1,1,1,0,0,0,0,0,0,0,0,0,0,0,0,0,0,0,0,0,0,0,0,0,0,0,0,0,0,3,1,1,1,1,1,1],[1,1,1,1,1,1,1,1,1,1,1,1,1,1,1,1,1,1,1,1,1,1,1,1,1,1,1,1,1,1,1,1,1,1,1,1,1,1,1,1,1,1,1,1,1,1,1,1,1,1,1,1,1,1,1,1,1,1,1,1,1,1,1,0,0,0,0,0,0,0,0,0,0,0,0,0,0,0,0,0,0,0,0,0,0,0,0,0,0,0,0,1,1,1,1,1],[1,1,1,1,1,1,1,1,1,1,1,1,1,1,1,1,1,1,1,1,1,1,1,1,1,1,1,1,1,1,1,1,1,1,1,1,1,1,1,1,1,1,1,1,1,1,1,1,1,1,1,1,1,1,1,1,1,1,1,1,1,1,1,0,0,0,0,0,0,0,0,0,0,0,0,0,0,0,0,0,0,0,0,0,0,0,0,0,0,5,1,1,1,1,1,1],[1,1,1,1,1,1,1,1,1,1,1,1,1,1,1,1,1,1,1,1,1,1,1,1,1,1,1,1,1,1,1,1,1,1,1,1,1,1,1,1,1,1,1,1,1,1,1,1,1,1,1,1,1,1,1,1,1,1,1,1,1,1,1,1,1,1,1,1,1,1,1,1,0,0,0,0,0,0,0,0,0,0,0,0,0,0,1,1,1,1,1,1,1,1,1,1],[1,1,1,1,1,1,1,1,1,1,1,1,1,1,1,1,1,1,1,1,1,1,1,1,1,1,1,1,1,1,1,1,1,1,1,1,1,1,1,1,1,1,1,1,1,1,1,1,1,1,1,1,1,1,1,1,1,1,1,1,1,1,1,1,1,1,1,1,1,1,1,1,0,0,0,0,0,0,0,0,0,0,0,0,0,0,1,1,1,1,1,1,1,1,1,1],[1,1,1,1,1,1,1,1,1,1,1,1,1,1,1,1,1,1,1,1,1,1,1,1,1,1,1,1,1,1,1,1,1,1,1,1,1,1,1,1,1,1,1,1,1,1,1,1,1,1,1,1,1,1,1,1,1,1,1,1,1,1,1,1,1,1,1,1,1,1,1,1,0,0,0,0,0,0,0,0,0,0,0,0,0,0,1,1,1,1,1,1,1,1,1,1],[1,1,1,1,1,1,1,1,1,1,1,1,1,1,1,1,1,1,1,1,1,1,1,1,1,1,1,1,1,1,1,1,1,1,1,1,1,1,1,1,1,1,1,1,1,1,1,1,1,1,1,1,1,1,1,1,1,1,1,1,1,1,1,1,1,1,1,1,1,1,1,1,1,1,1,1,1,1,1,1,1,1,1,1,1,1,1,1,1,1,1,1,1,1,1,1],[1,1,1,1,1,1,1,1,1,1,1,1,1,1,1,1,1,1,1,1,1,1,1,1,1,1,1,1,1,1,1,1,1,1,1,1,1,1,1,1,1,1,1,1,1,1,1,1,1,1,1,1,1,1,1,1,1,1,1,1,1,1,1,1,1,1,1,1,1,1,1,1,1,1,1,1,1,1,1,1,1,1,1,1,1,1,1,1,1,1,1,1,1,1,1,1],[1,1,1,1,1,1,1,1,1,1,1,1,1,1,1,1,1,1,1,1,1,1,1,1,1,1,1,1,1,1,1,1,1,1,1,1,1,1,1,1,1,1,1,1,1,1,1,1,1,1,1,1,1,1,1,1,1,1,1,1,1,1,1,1,1,1,1,1,1,1,1,1,1,1,1,1,1,1,1,1,1,1,1,1,1,1,1,1,1,1,1,1,1,1,1,1],[1,1,1,1,1,1,1,1,1,1,1,1,1,1,1,1,1,1,1,1,1,1,1,1,1,1,1,1,1,1,1,1,1,1,1,1,1,1,1,1,1,1,1,1,1,1,1,1,1,1,1,1,1,1,1,1,1,1,1,1,1,1,1,1,1,1,1,1,1,1,1,1,1,1,1,1,1,1,1,1,1,1,1,1,1,1,1,1,1,1,1,1,1,1,1,1],[1,1,1,1,1,1,1,1,1,1,1,1,1,1,1,1,1,1,1,1,1,1,1,1,1,1,1,1,1,1,1,1,1,1,1,1,1,1,1,1,1,1,1,1,1,1,1,1,1,1,1,1,1,1,1,1,1,1,1,1,1,1,1,1,1,1,1,1,1,1,1,1,1,1,1,1,1,1,1,1,1,1,1,1,1,1,1,1,1,1,1,1,1,1,1,1]]}
