{"unique_id":409547706,"width":72,"height":48,"start":[4,10],"end":[67,33],"entities":[{"class":"wall","start":[58,29],"end":[58,28],"oneway":true,"open":false,"color":0},{"class":"wall","start":[5,17],"end":[4,17],"oneway":true,"open":false,"color":0},{"class":"wall","start":[6,17],"end":[5,17],"oneway":true,"open":false,"color":0},{"class":"wall","start":[7,17],"end":[6,17],"oneway":true,"open":false,"color":0},{"class":"wall","start":[8,17],"end":[7,17],"oneway":true,"open":false,"color":0},{"class":"wall","start":[9,17],"end":[8,17],"oneway":true,"open":false,"color":0},{"class":"wall","start":[10,17],"end":[9,17],"oneway":true,"open":false,"color":0},{"class":"wall","start":[11,17],"end":[10,17],"oneway":true,"open":false,"color":0},{"class":"wall","start":[12,17],"end":[11,17],"oneway":true,"open":false,"color":0},{"class":"wall","start":[13,17],"end":[12,17],"oneway":true,"open":false,"color":0},{"class":"wall","start":[14,17],"end":[13,17],"oneway":true,"open":false,"color":0},{"class":"wall","start":[15,17],"end":[14,17],"oneway":true,"open":false,"color":0},{"class":"wall","start":[16,17],"end":[15,17],"oneway":true,"open":false,"color":0},{"class":"wall","start":[17,17],"end":[16,17],"oneway":true,"open":false,"color":0},{"class":"wall","start":[18,17],"end":[17,17],"oneway":true,"open":false,"color":0},{"class":"wall","start":[19,17],"end":[18,17],"oneway":true,"open":false,"color":0},{"class":"wall","start":[20,17],"end":[19,17],"oneway":true,"open":false,"color":0},{"class":"wall","start":[22,17],"end":[21,17],"oneway":true,"open":false,"color":0},{"class":"wall","start":[23,17],"end":[22,17],"oneway":true,"open":false,"color":0},{"class":"wall","start":[24,17],"end":[23,17],"oneway":true,"open":false,"color":0},{"class":"wall","start":[25,17],"end":[24,17],"oneway":true,"open":false,"color":0},{"class":"wall","start":[26,17],"end":[25,17],"oneway":true,"open":false,"color":0},{"class":"wall","start":[9,20],"end":[8,21],"oneway":false,"open":false,"color":0},{"class":"wall","start":[8,17],"end":[9,18],"oneway":false,"open":false,"color":0},{"class":"wall","start":[5,17],"end":[4,18],"oneway":false,"open":false,"color":0},{"class":"wall","start":[5,20],"end":[4,19],"oneway":false,"open":false,"color":0},{"class":"wall","start":[11,20],"end":[12,19],"oneway":false,"open":false,"color":0},{"class":"wall","start":[12,17],"end":[11,18],"oneway":false,"open":false,"color":0},{"class":"wall","start":[17,18],"end":[16,17],"oneway":false,"open":false,"color":0},{"class":"wall","start":[17,20],"end":[16,19],"oneway":false,"open":false,"color":0},{"class":"wall","start":[24,19],"end":[23,20],"oneway":false,"open":false,"color":0},{"class":"wall","start":[21,17],"end":[20,17],"oneway":false,"open":false,"color":0},{"class":"wall","start":[23,18],"end":[24,17],"oneway":false,"open":false,"color":0},{"class":"wall","start":[26,18],"end":[26,17],"oneway":false,"open":false,"color":0},{"class":"wall","start":[26,19],"end":[26,18],"oneway":false,"open":false,"color":0},{"class":"wall","start":[26,13],"end":[27,13],"oneway":true,"open":false,"color":0},{"class":"wall","start":[26,15],"end":[27,15],"oneway":true,"open":false,"color":0},{"class":"wall","start":[26,17],"end":[27,17],"oneway":true,"open":false,"color":0},{"class":"wall","start":[26,21],"end":[27,21],"oneway":true,"open":false,"color":0},{"class":"wall","start":[26,19],"end":[27,19],"oneway":true,"open":false,"color":0},{"class":"wall","start":[26,28],"end":[27,28],"oneway":true,"open":false,"color":0},{"class":"cog","pos":[58.5168,33.484]},{"class":"cog","pos":[3.5317,26.4793]},{"class":"cog","pos":[33.4671,40.4028]},{"class":"enemy","type":"bomber","pos":[65.88,35.42],"color":0,"angle":0},{"class":"enemy","type":"bomber","pos":[63.02,35.42],"color":0,"angle":0},{"class":"enemy","type":"bomber","pos":[60.62,35.48],"color":0,"angle":0},{"class":"enemy","type":"bomber","pos":[63.4,28.4],"color":0,"angle":0},{"class":"enemy","type":"bomber","pos":[66.6,28.34],"color":0,"angle":0},{"class":"enemy","type":"bomber","pos":[62.96,32.44],"color":0,"angle":0},{"class":"enemy","type":"bomber","pos":[58.94,33.7],"color":0,"angle":0},{"class":"enemy","type":"bomber","pos":[5.51463,20.378],"color":0,"angle":0},{"class":"enemy","type":"bomber","pos":[14.9971,19.5391],"color":0,"angle":0},{"class":"enemy","type":"bomber","pos":[19.9798,19.412],"color":0,"angle":0},{"class":"enemy","type":"bomber","pos":[12.582,17.5053],"color":0,"angle":0},{"class":"enemy","type":"spike ball","pos":[8.53359,11.0585],"color":0,"angle":0},{"class":"enemy","type":"spike ball","pos":[11.7563,10.4731],"color":0,"angle":0},{"class":"enemy","type":"spike ball","pos":[11.7055,11.312],"color":0,"angle":0},{"class":"enemy","type":"spike ball","pos":[15.531,10.4125],"color":0,"angle":0},{"class":"enemy","type":"spike ball","pos":[15.5055,11.404],"color":0,"angle":0},{"class":"enemy","type":"spike ball","pos":[15.5564,12.4209],"color":0,"angle":0},{"class":"enemy","type":"spike ball","pos":[15.4293,13.3869],"color":0,"angle":0},{"class":"enemy","type":"spike ball","pos":[19.2787,11.9007],"color":0,"angle":0},{"class":"enemy","type":"spike ball","pos":[20.4551,11.9007],"color":0,"angle":0},{"class":"enemy","type":"spike ball","pos":[21.7023,11.8684],"color":0,"angle":0},{"class":"enemy","type":"bomber","pos":[27.5681,38.4088],"color":0,"angle":0},{"class":"enemy","type":"bomber","pos":[38.4815,37.3733],"color":0,"angle":6.25975},{"class":"enemy","type":"bomber","pos":[27.5481,36.4288],"color":0,"angle":0},{"class":"enemy","type":"bomber","pos":[27.5681,34.4688],"color":0,"angle":0},{"class":"enemy","type":"bomber","pos":[27.5681,32.4288],"color":0,"angle":0},{"class":"enemy","type":"bomber","pos":[27.6081,30.4088],"color":0,"angle":0},{"class":"enemy","type":"bomber","pos":[38.4815,35.4133],"color":0,"angle":6.25975},{"class":"enemy","type":"bomber","pos":[38.4415,33.3733],"color":0,"angle":6.25975},{"class":"enemy","type":"bomber","pos":[38.4215,31.4333],"color":0,"angle":6.25975},{"class":"enemy","type":"spike ball","pos":[26.5537,30.9725],"color":0,"angle":0},{"class":"enemy","type":"spike ball","pos":[40.391,30.0124],"color":0,"angle":0},{"class":"enemy","type":"bomber","pos":[38.4221,29.4491],"color":0,"angle":0},{"class":"enemy","type":"bomber","pos":[20.4348,9.46455],"color":0,"angle":0}],"cells":[[1,1,1,1,1,1,1,1,1,1,1,1,1,1,1,1,1,1,1,1,1,1,1,1,1,1,1,1,1,1,1,1,1,1,1,1,1,1,1,1,1,1,1,1,1,1,1,1,1,1,1,1,1,1,1,1,1,1,1,1,1,1,1,1,1,1,1,1,1,1,1,1],[1,1,1,1,1,1,1,1,1,1,1,1,1,1,1,1,1,1,1,1,1,1,1,1,1,1,1,1,1,1,1,1,1,1,1,1,1,1,1,1,1,1,1,1,1,1,1,1,1,1,1,1,1,1,1,1,1,1,1,1,1,1,1,1,1,1,1,1,1,1,1,1],[1,1,1,1,1,1,1,1,1,1,1,1,1,1,1,1,1,1,1,1,1,1,1,1,1,1,1,1,1,1,1,1,1,1,1,1,1,1,1,1,1,1,1,1,1,1,1,1,1,1,1,1,1,1,1,1,1,1,1,1,1,1,1,1,1,1,1,1,1,1,1,1],[1,1,1,1,1,1,1,1,1,1,1,1,1,1,1,1,1,1,1,1,1,1,1,1,1,1,1,1,1,1,1,1,1,1,1,1,1,1,1,1,1,1,1,1,1,1,1,1,1,1,1,1,1,1,1,1,1,1,1,1,1,1,1,1,1,1,1,1,1,1,1,1],[1,1,1,1,1,1,1,1,1,1,1,1,1,1,1,1,1,1,1,1,1,1,1,1,1,1,1,1,1,1,1,1,1,1,1,1,1,1,1,1,1,1,1,1,1,1,1,1,1,1,1,1,1,1,1,1,1,1,1,1,1,1,1,1,1,1,1,1,1,1,1,1],[1,1,1,1,1,1,1,1,1,1,1,1,1,1,1,1,1,1,1,1,1,1,1,1,1,1,1,1,1,1,1,1,1,1,1,1,1,1,1,1,1,1,1,1,1,1,1,1,1,1,1,1,1,1,1,1,1,1,1,1,1,1,1,1,1,1,1,1,1,1,1,1],[1,1,1,1,1,1,1,1,1,1,1,1,1,1,1,1,1,1,1,1,1,1,1,1,1,1,1,1,1,1,1,1,1,1,1,1,1,1,1,1,1,1,1,1,1,1,1,1,1,1,1,1,1,1,1,1,1,1,1,1,1,1,1,1,1,1,1,1,1,1,1,1],[1,1,1,1,1,1,1,1,1,1,1,1,1,1,1,1,1,1,1,2,0,3,1,1,1,1,1,1,1,1,1,1,1,1,1,1,1,1,1,1,1,1,1,1,1,1,1,1,1,1,1,1,1,1,1,1,1,1,1,1,1,1,1,1,1,1,1,1,1,1,1,1],[1,1,1,1,1,1,1,1,1,1,1,1,1,1,1,1,1,1,2,0,0,0,3,1,1,1,1,1,1,1,1,1,1,1,1,1,1,1,1,1,1,1,1,1,1,1,1,1,1,1,1,1,1,1,1,1,1,1,1,1,1,1,1,1,1,1,1,1,1,1,1,1],[1,1,1,1,1,1,1,2,0,3,1,1,1,1,1,1,0,3,0,0,0,0,0,2,3,1,1,1,1,1,1,1,1,1,1,1,1,1,1,1,1,1,1,1,1,1,1,1,1,1,1,1,1,1,1,1,1,1,1,1,1,1,1,1,1,1,1,1,1,1,1,1],[1,1,1,1,0,0,0,0,0,0,0,0,0,0,0,0,0,0,0,0,0,0,0,0,0,3,1,1,1,1,1,1,1,1,1,1,1,1,1,1,1,1,1,1,1,1,1,1,1,1,1,1,1,1,1,1,1,1,1,1,1,1,1,1,1,1,1,1,1,1,1,1],[1,1,1,1,0,0,0,0,0,0,0,0,0,0,0,0,0,0,0,0,0,0,0,0,0,0,3,1,1,1,1,1,1,1,1,1,1,1,1,1,1,1,1,1,1,1,1,1,1,1,1,1,1,1,1,1,1,1,1,1,1,1,1,1,1,1,1,1,1,1,1,1],[1,1,1,1,0,0,0,0,0,0,0,0,0,0,0,0,0,0,0,0,0,0,0,0,0,0,0,1,1,1,1,1,1,1,1,1,1,1,1,1,1,1,1,1,1,1,1,1,1,1,1,1,1,1,1,1,1,1,1,1,1,1,1,1,1,1,1,1,1,1,1,1],[1,1,1,1,0,0,0,0,0,0,0,0,0,0,0,0,0,0,0,0,0,0,0,0,0,0,0,1,1,1,1,1,1,1,1,1,1,1,1,1,1,1,1,1,1,1,1,1,1,1,1,1,1,1,1,1,1,1,1,1,1,1,1,1,1,1,1,1,1,1,1,1],[1,1,1,1,0,0,0,0,0,0,0,0,0,0,0,0,0,0,0,0,0,0,0,0,0,0,0,1,1,1,1,1,1,1,1,1,1,1,1,1,1,1,1,1,1,1,1,1,1,1,1,1,1,1,1,1,1,1,1,1,1,1,1,1,1,1,1,1,1,1,1,1],[1,1,1,1,0,0,0,0,0,0,0,0,0,0,0,0,0,0,0,0,0,0,0,0,0,0,0,1,1,1,1,1,1,1,1,1,1,1,1,1,1,1,1,1,1,1,1,1,1,1,1,1,1,1,1,1,1,1,1,1,1,1,1,1,1,1,1,1,1,1,1,1],[1,1,1,1,0,0,0,0,0,0,0,0,0,0,0,0,0,0,0,0,0,0,0,0,0,0,0,1,1,1,1,1,1,1,1,1,1,1,1,1,1,1,1,1,1,1,1,1,1,1,1,1,1,1,1,1,1,1,1,1,1,1,1,1,1,1,1,1,1,1,1,1],[1,1,1,1,0,0,0,0,0,0,0,0,0,0,0,0,0,0,0,0,0,0,0,0,0,0,0,1,1,1,1,1,1,1,1,1,1,1,1,1,1,1,1,1,1,1,1,1,1,1,1,1,1,1,1,1,1,1,1,1,1,1,1,1,1,1,1,1,1,1,1,1],[1,1,1,1,0,0,0,0,0,0,0,0,0,0,0,0,0,0,0,0,0,0,0,0,0,0,0,1,1,1,1,1,1,1,1,1,1,1,1,1,1,1,1,1,1,1,1,1,1,1,1,1,1,1,1,1,1,1,1,1,1,1,1,1,1,1,1,1,1,1,1,1],[1,1,1,1,0,0,0,0,0,0,0,0,0,0,0,0,0,0,0,0,0,0,0,0,0,0,0,1,1,1,1,1,1,1,1,1,1,1,1,1,1,1,1,1,1,1,1,1,1,1,1,1,1,1,1,1,1,1,1,1,1,1,1,1,1,1,1,1,1,1,1,1],[1,1,1,1,0,0,0,0,0,0,0,0,0,0,0,0,0,0,0,0,0,0,0,0,0,0,0,1,1,1,1,1,1,1,1,1,1,1,1,1,1,1,1,1,1,1,1,1,1,1,1,1,1,1,1,1,1,1,1,1,1,1,1,1,1,1,1,1,1,1,1,1],[1,1,1,1,0,1,1,1,1,1,1,1,1,1,1,1,1,1,1,1,1,1,1,1,1,1,0,1,1,1,1,1,1,1,1,1,1,1,1,1,1,1,1,1,1,1,1,1,1,1,1,1,1,1,1,1,1,1,1,1,1,1,1,1,1,1,1,1,1,1,1,1],[1,1,1,1,0,1,1,1,1,1,1,1,1,1,1,1,1,1,1,1,1,1,1,1,1,1,0,1,1,1,1,1,1,1,1,1,1,1,1,1,1,1,1,1,1,1,1,1,1,1,1,1,1,1,1,1,1,1,1,1,1,1,1,1,1,1,1,1,1,1,1,1],[1,1,1,1,0,1,1,1,1,1,1,1,1,1,1,1,1,1,1,1,1,1,1,1,1,1,0,1,1,1,1,1,1,1,1,1,1,1,1,1,1,1,1,1,1,1,1,1,1,1,1,1,1,1,1,1,1,1,1,1,1,1,1,1,1,1,1,1,1,1,1,1],[1,1,1,1,0,1,1,1,1,1,1,1,1,1,1,1,1,1,1,1,1,1,1,1,1,1,0,1,1,1,1,1,1,1,1,1,1,1,1,1,1,1,1,1,1,1,1,1,1,1,1,1,1,1,1,1,1,1,1,1,1,1,1,1,1,1,1,1,1,1,1,1],[1,1,1,1,0,1,1,1,1,1,1,1,1,1,1,1,1,1,1,1,1,1,1,1,1,1,0,1,1,1,1,1,1,1,1,1,1,1,1,1,1,1,1,1,1,1,1,1,1,1,1,1,1,1,1,1,1,1,1,1,1,1,1,1,1,1,1,1,1,1,1,1],[1,1,1,0,0,1,1,1,1,1,1,1,1,1,1,1,1,1,1,1,1,1,1,1,1,1,0,1,1,1,1,1,1,1,1,1,1,1,1,1,1,1,1,1,1,1,1,1,1,1,1,1,1,1,1,1,1,1,1,1,1,1,1,1,1,1,1,1,1,1,1,1],[1,1,1,1,1,1,1,1,1,1,1,1,1,1,1,1,1,1,1,1,1,1,1,1,1,1,0,1,1,1,1,1,1,1,1,1,1,1,1,1,1,1,1,1,1,1,1,1,1,1,1,1,1,1,1,1,1,1,1,1,1,1,1,1,1,1,1,1,1,1,1,1],[1,1,1,1,1,1,1,1,1,1,1,1,1,1,1,1,1,1,1,1,1,1,1,1,1,1,0,0,0,0,0,0,0,0,0,0,0,0,0,0,0,0,0,0,0,0,0,0,0,0,0,0,0,0,0,0,0,0,0,0,3,3,2,0,2,3,0,3,1,1,1,1],[1,1,1,1,1,1,1,1,1,1,1,1,1,1,1,1,1,1,1,1,1,1,1,1,1,1,0,0,0,0,0,0,0,0,0,0,0,0,0,0,3,1,1,1,1,1,1,1,1,1,1,1,1,1,1,1,1,1,0,0,0,0,0,0,0,0,0,0,1,1,1,1],[1,1,1,1,1,1,1,1,1,1,1,1,1,1,1,1,1,1,1,1,1,1,1,1,1,1,2,0,0,0,0,0,0,0,0,0,0,0,0,0,5,1,1,1,1,1,1,1,1,1,1,1,1,1,1,1,1,1,0,0,0,0,0,0,0,0,0,0,1,1,1,1],[1,1,1,1,1,1,1,1,1,1,1,1,1,1,1,1,1,1,1,1,1,1,1,1,1,1,4,0,0,0,0,0,0,0,0,0,0,0,0,0,3,1,1,1,1,1,1,1,1,1,1,1,1,1,1,1,1,1,0,0,0,0,0,0,0,0,0,0,1,1,1,1],[1,1,1,1,1,1,1,1,1,1,1,1,1,1,1,1,1,1,1,1,1,1,1,1,1,1,2,0,0,0,0,0,0,0,0,0,0,0,0,0,5,1,1,1,1,1,1,1,1,1,1,1,1,1,1,1,1,1,0,0,0,0,0,0,0,0,0,0,1,1,1,1],[1,1,1,1,1,1,1,1,1,1,1,1,1,1,1,1,1,1,1,1,1,1,1,1,1,1,4,0,0,0,0,0,0,0,0,0,0,0,0,0,3,1,1,1,1,1,1,1,1,1,1,1,1,1,1,1,1,1,0,0,0,0,0,0,0,0,0,0,1,1,1,1],[1,1,1,1,1,1,1,1,1,1,1,1,1,1,1,1,1,1,1,1,1,1,1,1,1,1,2,0,0,0,0,0,0,0,0,0,0,0,0,0,5,1,1,1,1,1,1,1,1,1,1,1,1,1,1,1,1,1,0,0,0,0,0,0,0,0,0,0,1,1,1,1],[1,1,1,1,1,1,1,1,1,1,1,1,1,1,1,1,1,1,1,1,1,1,1,1,1,1,4,0,0,0,0,0,0,0,0,0,0,0,0,0,3,1,1,1,1,1,1,1,1,1,1,1,1,1,1,1,1,1,4,5,0,5,0,0,4,0,0,5,1,1,1,1],[1,1,1,1,1,1,1,1,1,1,1,1,1,1,1,1,1,1,1,1,1,1,1,1,1,1,2,0,0,0,0,0,0,0,0,0,0,0,0,0,5,1,1,1,1,1,1,1,1,1,1,1,1,1,1,1,1,1,1,1,1,1,1,1,1,1,1,1,1,1,1,1],[1,1,1,1,1,1,1,1,1,1,1,1,1,1,1,1,1,1,1,1,1,1,1,1,1,1,4,0,0,0,0,0,0,0,0,0,0,0,0,0,3,1,1,1,1,1,1,1,1,1,1,1,1,1,1,1,1,1,1,1,1,1,1,1,1,1,1,1,1,1,1,1],[1,1,1,1,1,1,1,1,1,1,1,1,1,1,1,1,1,1,1,1,1,1,1,1,1,1,2,0,0,0,0,0,0,0,0,0,0,0,0,0,5,1,1,1,1,1,1,1,1,1,1,1,1,1,1,1,1,1,1,1,1,1,1,1,1,1,1,1,1,1,1,1],[1,1,1,1,1,1,1,1,1,1,1,1,1,1,1,1,1,1,1,1,1,1,1,1,1,1,0,0,0,0,0,0,0,0,0,0,0,0,0,0,1,1,1,1,1,1,1,1,1,1,1,1,1,1,1,1,1,1,1,1,1,1,1,1,1,1,1,1,1,1,1,1],[1,1,1,1,1,1,1,1,1,1,1,1,1,1,1,1,1,1,1,1,1,1,1,1,1,1,1,4,0,0,0,0,0,0,0,0,0,0,0,5,1,1,1,1,1,1,1,1,1,1,1,1,1,1,1,1,1,1,1,1,1,1,1,1,1,1,1,1,1,1,1,1],[1,1,1,1,1,1,1,1,1,1,1,1,1,1,1,1,1,1,1,1,1,1,1,1,1,1,1,1,1,1,1,1,1,1,1,1,1,1,1,1,1,1,1,1,1,1,1,1,1,1,1,1,1,1,1,1,1,1,1,1,1,1,1,1,1,1,1,1,1,1,1,1],[1,1,1,1,1,1,1,1,1,1,1,1,1,1,1,1,1,1,1,1,1,1,1,1,1,1,1,1,1,1,1,1,1,1,1,1,1,1,1,1,1,1,1,1,1,1,1,1,1,1,1,1,1,1,1,1,1,1,1,1,1,1,1,1,1,1,1,1,1,1,1,1],[1,1,1,1,1,1,1,1,1,1,1,1,1,1,1,1,1,1,1,1,1,1,1,1,1,1,1,1,1,1,1,1,1,1,1,1,1,1,1,1,1,1,1,1,1,1,1,1,1,1,1,1,1,1,1,1,1,1,1,1,1,1,1,1,1,1,1,1,1,1,1,1],[1,1,1,1,1,1,1,1,1,1,1,1,1,1,1,1,1,1,1,1,1,1,1,1,1,1,1,1,1,1,1,1,1,1,1,1,1,1,1,1,1,1,1,1,1,1,1,1,1,1,1,1,1,1,1,1,1,1,1,1,1,1,1,1,1,1,1,1,1,1,1,1],[1,1,1,1,1,1,1,1,1,1,1,1,1,1,1,1,1,1,1,1,1,1,1,1,1,1,1,1,1,1,1,1,1,1,1,1,1,1,1,1,1,1,1,1,1,1,1,1,1,1,1,1,1,1,1,1,1,1,1,1,1,1,1,1,1,1,1,1,1,1,1,1],[1,1,1,1,1,1,1,1,1,1,1,1,1,1,1,1,1,1,1,1,1,1,1,1,1,1,1,1,1,1,1,1,1,1,1,1,1,1,1,1,1,1,1,1,1,1,1,1,1,1,1,1,1,1,1,1,1,1,1,1,1,1,1,1,1,1,1,1,1,1,1,1],[1,1,1,1,1,1,1,1,1,1,1,1,1,1,1,1,1,1,1,1,1,1,1,1,1,1,1,1,1,1,1,1,1,1,1,1,1,1,1,1,1,1,1,1,1,1,1,1,1,1,1,1,1,1,1,1,1,1,1,1,1,1,1,1,1,1,1,1,1,1,1,1]]}
