{"unique_id":888512181,"width":32,"height":48,"start":[15,7],"end":[15,45],"entities":[{"class":"wall","start":[7,8],"end":[7,7],"oneway":true,"open":false,"color":0},{"class":"wall","start":[24,7],"end":[24,8],"oneway":true,"open":false,"color":0},{"class":"wall","start":[10,32],"end":[11,32],"oneway":true,"open":false,"color":0},{"class":"wall","start":[11,32],"end":[12,32],"oneway":true,"open":false,"color":0},{"class":"wall","start":[12,32],"end":[13,32],"oneway":true,"open":false,"color":0},{"class":"wall","start":[13,32],"end":[14,32],"oneway":true,"open":false,"color":0},{"class":"wall","start":[14,32],"end":[15,32],"oneway":true,"open":false,"color":0},{"class":"wall","start":[15,32],"end":[16,32],"oneway":true,"open":false,"color":0},{"class":"wall","start":[16,32],"end":[17,32],"oneway":true,"open":false,"color":0},{"class":"wall","start":[17,32],"end":[18,32],"oneway":true,"open":false,"color":0},{"class":"wall","start":[18,32],"end":[19,32],"oneway":true,"open":false,"color":0},{"class":"wall","start":[19,32],"end":[20,32],"oneway":true,"open":false,"color":0},{"class":"wall","start":[20,32],"end":[21,33],"oneway":true,"open":false,"color":0},{"class":"wall","start":[21,33],"end":[22,34],"oneway":true,"open":false,"color":0},{"class":"wall","start":[22,34],"end":[23,35],"oneway":true,"open":false,"color":0},{"class":"wall","start":[23,35],"end":[24,36],"oneway":true,"open":false,"color":0},{"class":"wall","start":[9,31],"end":[10,32],"oneway":true,"open":false,"color":0},{"class":"wall","start":[8,30],"end":[9,31],"oneway":true,"open":false,"color":0},{"class":"wall","start":[7,29],"end":[8,30],"oneway":true,"open":false,"color":0},{"class":"wall","start":[7,30],"end":[7,29],"oneway":false,"open":false,"color":0},{"class":"wall","start":[24,36],"end":[24,37],"oneway":false,"open":false,"color":0},{"class":"wall","start":[12,39],"end":[13,38],"oneway":false,"open":false,"color":0},{"class":"wall","start":[12,39],"end":[11,39],"oneway":false,"open":false,"color":0},{"class":"wall","start":[20,39],"end":[19,39],"oneway":false,"open":false,"color":0},{"class":"wall","start":[20,39],"end":[21,38],"oneway":false,"open":false,"color":0},{"class":"wall","start":[21,42],"end":[22,43],"oneway":false,"open":false,"color":0},{"class":"wall","start":[23,43],"end":[22,43],"oneway":false,"open":false,"color":0},{"class":"wall","start":[14,36],"end":[15,36],"oneway":true,"open":false,"color":0},{"class":"wall","start":[15,36],"end":[16,36],"oneway":true,"open":false,"color":0},{"class":"wall","start":[16,36],"end":[17,36],"oneway":true,"open":false,"color":0},{"class":"wall","start":[15,34],"end":[16,34],"oneway":true,"open":false,"color":0},{"class":"wall","start":[10,42],"end":[11,43],"oneway":true,"open":false,"color":0},{"class":"wall","start":[10,42],"end":[11,41],"oneway":true,"open":false,"color":0},{"class":"wall","start":[10,44],"end":[11,43],"oneway":true,"open":false,"color":0},{"class":"wall","start":[11,45],"end":[12,44],"oneway":true,"open":false,"color":0},{"class":"wall","start":[15,45],"end":[16,45],"oneway":true,"open":false,"color":0},{"class":"wall","start":[10,44],"end":[9,44],"oneway":true,"open":false,"color":0},{"class":"wall","start":[9,44],"end":[8,44],"oneway":true,"open":false,"color":0},{"class":"wall","start":[8,44],"end":[7,44],"oneway":true,"open":false,"color":0},{"class":"wall","start":[23,38],"end":[22,38],"oneway":true,"open":false,"color":0},{"class":"wall","start":[10,39],"end":[9,40],"oneway":true,"open":false,"color":0},{"class":"wall","start":[15,38],"end":[16,38],"oneway":true,"open":false,"color":0},{"class":"wall","start":[19,45],"end":[20,44],"oneway":true,"open":false,"color":0},{"class":"wall","start":[13,43],"end":[14,43],"oneway":false,"open":false,"color":0},{"class":"wall","start":[18,40],"end":[18,39],"oneway":false,"open":false,"color":0},{"class":"wall","start":[18,40],"end":[18,41],"oneway":false,"open":false,"color":0},{"class":"wall","start":[13,41],"end":[13,40],"oneway":false,"open":false,"color":0},{"class":"wall","start":[13,41],"end":[13,42],"oneway":false,"open":false,"color":0},{"class":"wall","start":[12,10],"end":[13,10],"oneway":true,"open":false,"color":0},{"class":"wall","start":[18,14],"end":[19,14],"oneway":true,"open":false,"color":0},{"class":"wall","start":[12,18],"end":[13,18],"oneway":true,"open":false,"color":0},{"class":"wall","start":[18,22],"end":[19,22],"oneway":true,"open":false,"color":0},{"class":"cog","pos":[10.4817,18.6252]},{"class":"cog","pos":[6.313,29.3748]},{"class":"cog","pos":[22.2535,42.479]},{"class":"button","type":0,"pos":[19.6273,39.4072],"walls":[20,19]},{"class":"enemy","type":"rocket spider","pos":[5.50547,21.458],"color":0,"angle":3.15545},{"class":"enemy","type":"rocket spider","pos":[25.509,21.4595],"color":0,"angle":0},{"class":"enemy","type":"jet stream","pos":[13.4189,8.26137],"color":0,"angle":1.87119},{"class":"enemy","type":"jet stream","pos":[11.9002,13.6597],"color":0,"angle":0.896066},{"class":"enemy","type":"jet stream","pos":[19.2404,17.7075],"color":0,"angle":2.25382},{"class":"enemy","type":"jet stream","pos":[11.6725,21.6892],"color":0,"angle":0.937132},{"class":"enemy","type":"jet stream","pos":[19.686,25.6885],"color":0,"angle":2.03444},{"class":"enemy","type":"rocket spider","pos":[2.5036,15.4569],"color":0,"angle":0},{"class":"enemy","type":"rocket spider","pos":[28.5159,15.4459],"color":0,"angle":3.09259},{"class":"enemy","type":"popper","pos":[22.0179,7.72146],"color":0,"angle":0},{"class":"enemy","type":"popper","pos":[8.9509,7.74689],"color":0,"angle":0},{"class":"enemy","type":"bomber","pos":[7.50762,46.3943],"color":0,"angle":0},{"class":"enemy","type":"bouncy rocket launcher","pos":[15.4412,40.4349],"color":1,"angle":0},{"class":"enemy","type":"wheeligator","pos":[24.5025,36.5419],"color":0,"angle":0},{"class":"enemy","type":"wall avoider","pos":[10.9997,36.313],"color":2,"angle":0}],"cells":[[1,1,1,1,1,1,1,1,1,1,1,1,1,1,1,1,1,1,1,1,1,1,1,1,1,1,1,1,1,1,1,1],[1,1,1,1,1,1,1,1,1,1,1,1,1,1,1,1,1,1,1,1,1,1,1,1,1,1,1,1,1,1,1,1],[1,1,1,1,1,1,1,1,1,1,1,1,1,1,1,1,1,1,1,1,1,1,1,1,1,1,1,1,1,1,1,1],[1,1,1,1,1,1,1,1,1,1,1,1,1,1,1,1,1,1,1,1,1,1,1,1,1,1,1,1,1,1,1,1],[1,1,1,1,1,1,1,1,1,1,1,1,1,1,1,1,1,1,1,1,1,1,1,1,1,1,1,1,1,1,1,1],[1,1,1,1,1,1,1,1,1,1,1,1,1,1,1,1,1,1,1,1,1,1,1,1,1,1,1,1,1,1,1,1],[1,1,1,1,1,1,1,1,1,1,1,1,1,1,1,1,1,1,1,1,1,1,1,1,1,1,1,1,1,1,1,1],[1,1,0,0,0,0,0,0,0,0,0,0,0,0,0,0,0,0,0,0,0,0,0,0,0,0,0,0,0,1,1,1],[1,1,0,1,1,1,1,0,0,0,0,0,0,0,0,0,0,0,0,0,0,0,0,0,1,1,1,1,0,1,1,1],[1,1,0,0,0,0,1,0,0,0,0,0,0,0,0,0,0,0,0,0,0,0,0,0,1,0,0,0,0,1,1,1],[1,1,1,1,1,0,1,0,0,0,0,5,0,0,0,0,0,0,0,0,0,0,0,0,1,0,1,1,1,1,1,1],[1,1,0,0,0,0,1,1,1,1,1,2,0,0,0,0,0,0,0,0,0,0,0,0,1,0,0,0,0,1,1,1],[1,1,0,1,1,1,1,0,0,0,0,0,0,0,0,0,0,0,0,0,0,0,0,0,1,1,1,1,0,1,1,1],[1,1,0,0,0,0,1,0,0,0,0,0,0,0,0,0,0,0,0,0,0,0,0,0,1,0,0,0,0,1,1,1],[1,1,1,1,1,0,1,0,0,0,0,0,0,0,0,0,0,0,0,4,0,0,0,0,1,0,1,1,1,1,1,1],[1,1,0,0,0,0,1,0,0,0,0,0,0,0,0,0,0,0,0,3,1,1,1,1,1,0,0,0,0,1,1,1],[1,1,0,1,1,1,1,0,0,0,0,0,0,0,0,0,0,0,0,0,0,0,0,0,1,1,1,1,0,1,1,1],[1,1,0,0,0,0,1,0,0,0,0,0,0,0,0,0,0,0,0,0,0,0,0,0,1,0,0,0,0,1,1,1],[1,1,1,1,1,0,1,0,0,0,0,5,0,0,0,0,0,0,0,0,0,0,0,0,1,0,1,1,1,1,1,1],[1,1,0,0,0,0,1,1,1,1,1,2,0,0,0,0,0,0,0,0,0,0,0,0,1,0,0,0,0,1,1,1],[1,1,0,1,1,1,1,0,0,0,0,0,0,0,0,0,0,0,0,0,0,0,0,0,1,1,1,1,0,1,1,1],[1,1,0,0,0,0,1,0,0,0,0,0,0,0,0,0,0,0,0,0,0,0,0,0,1,0,0,0,0,1,1,1],[1,1,1,1,1,1,1,0,0,0,0,0,0,0,0,0,0,0,0,4,0,0,0,0,1,1,1,1,1,1,1,1],[1,1,1,1,1,1,1,0,0,0,0,0,0,0,0,0,0,0,0,3,1,1,1,1,1,1,1,1,1,1,1,1],[1,1,1,1,1,1,1,0,0,0,0,0,0,0,0,0,0,0,0,0,0,0,0,0,1,1,1,1,1,1,1,1],[1,1,1,1,1,1,1,0,0,0,0,0,0,0,0,0,0,0,0,0,0,0,0,0,1,1,1,1,1,1,1,1],[1,1,1,1,1,1,1,0,0,0,0,0,0,0,0,0,0,0,0,0,0,0,0,0,1,1,1,1,1,1,1,1],[1,1,1,1,1,1,1,0,0,0,0,0,0,0,0,0,0,0,0,0,0,0,0,0,1,1,1,1,1,1,1,1],[1,1,1,1,1,1,1,0,0,0,0,0,0,4,0,0,0,5,0,0,0,0,0,0,1,1,1,1,1,1,1,1],[1,1,1,1,1,1,0,0,0,0,0,0,0,3,1,1,1,2,0,0,0,0,0,0,1,1,1,1,1,1,1,1],[1,1,1,1,1,1,1,0,0,0,0,0,0,0,0,0,0,0,0,0,0,0,0,0,1,1,1,1,1,1,1,1],[1,1,1,1,1,1,1,0,0,0,0,0,0,0,0,0,0,0,0,0,0,0,0,0,1,1,1,1,1,1,1,1],[1,1,1,1,1,1,1,0,0,0,0,0,0,0,0,0,0,0,0,0,0,0,0,0,1,1,1,1,1,1,1,1],[1,1,1,1,1,1,1,0,0,0,0,0,0,0,0,0,0,0,0,0,0,0,0,0,1,1,1,1,1,1,1,1],[1,1,1,1,1,1,1,0,0,0,0,0,0,0,0,0,0,0,0,0,0,0,0,0,1,1,1,1,1,1,1,1],[1,1,1,1,1,1,1,0,0,0,0,0,0,0,0,0,0,0,0,0,0,0,0,0,1,1,1,1,1,1,1,1],[1,1,1,1,1,1,1,0,0,0,0,0,0,0,0,0,0,0,0,0,0,0,0,0,0,1,1,1,1,1,1,1],[1,1,1,1,1,1,1,0,0,0,0,0,0,0,0,0,0,0,0,0,0,0,0,0,1,1,1,1,1,1,1,1],[1,1,1,1,1,1,1,0,0,0,0,0,0,0,0,0,0,0,0,0,0,0,0,0,1,1,1,1,1,1,1,1],[1,1,1,1,1,1,1,0,0,0,0,0,0,0,0,0,0,0,0,0,0,0,0,0,1,1,1,1,1,1,1,1],[1,1,1,1,1,1,1,0,0,0,0,0,0,0,0,0,0,0,0,0,0,0,0,0,1,1,1,1,1,1,1,1],[1,1,1,1,1,1,1,0,0,0,0,0,0,0,0,0,0,0,0,0,0,0,0,0,1,1,1,1,1,1,1,1],[1,1,1,1,1,1,1,0,0,0,0,0,0,0,0,0,0,0,0,0,0,0,0,0,1,1,1,1,1,1,1,1],[1,1,1,1,1,1,1,0,0,0,0,0,0,0,0,0,0,0,0,0,0,0,0,0,1,1,1,1,1,1,1,1],[1,1,1,1,1,1,1,0,0,0,0,0,0,0,0,0,0,0,0,0,0,0,0,0,1,1,1,1,1,1,1,1],[1,1,1,1,1,1,1,0,0,0,0,0,0,0,0,0,0,0,0,0,0,0,0,0,1,1,1,1,1,1,1,1],[1,1,1,1,1,1,1,0,0,0,0,0,0,0,0,0,0,0,0,0,0,0,0,0,1,1,1,1,1,1,1,1],[1,1,1,1,1,1,1,0,0,0,0,0,0,0,0,0,0,0,0,0,0,0,0,0,1,1,1,1,1,1,1,1]]}
