{"unique_id":108095015,"width":96,"height":24,"start":[2,4],"end":[93,15],"entities":[{"class":"wall","start":[49,17],"end":[48,17],"oneway":false,"open":false,"color":0},{"class":"wall","start":[50,17],"end":[49,17],"oneway":false,"open":false,"color":0},{"class":"wall","start":[48,15],"end":[48,14],"oneway":false,"open":false,"color":1},{"class":"wall","start":[48,15],"end":[48,16],"oneway":false,"open":false,"color":1},{"class":"wall","start":[48,17],"end":[48,16],"oneway":false,"open":false,"color":1},{"class":"wall","start":[48,18],"end":[48,17],"oneway":false,"open":false,"color":2},{"class":"wall","start":[48,18],"end":[48,19],"oneway":false,"open":false,"color":2},{"class":"wall","start":[48,20],"end":[48,19],"oneway":false,"open":false,"color":2},{"class":"wall","start":[51,17],"end":[50,17],"oneway":false,"open":false,"color":0},{"class":"wall","start":[52,17],"end":[51,17],"oneway":false,"open":false,"color":0},{"class":"wall","start":[52,17],"end":[53,17],"oneway":false,"open":false,"color":0},{"class":"wall","start":[54,17],"end":[53,17],"oneway":false,"open":false,"color":0},{"class":"wall","start":[55,17],"end":[54,17],"oneway":false,"open":false,"color":0},{"class":"wall","start":[55,17],"end":[56,17],"oneway":false,"open":false,"color":0},{"class":"wall","start":[57,17],"end":[56,17],"oneway":false,"open":false,"color":0},{"class":"wall","start":[57,17],"end":[58,17],"oneway":false,"open":false,"color":0},{"class":"wall","start":[59,17],"end":[58,17],"oneway":false,"open":false,"color":0},{"class":"wall","start":[60,17],"end":[59,17],"oneway":false,"open":false,"color":0},{"class":"wall","start":[60,17],"end":[61,17],"oneway":false,"open":false,"color":0},{"class":"wall","start":[62,17],"end":[61,17],"oneway":false,"open":false,"color":0},{"class":"wall","start":[63,17],"end":[62,17],"oneway":false,"open":false,"color":0},{"class":"wall","start":[63,17],"end":[64,17],"oneway":false,"open":false,"color":0},{"class":"wall","start":[64,17],"end":[65,17],"oneway":false,"open":false,"color":0},{"class":"wall","start":[65,17],"end":[66,17],"oneway":false,"open":false,"color":0},{"class":"wall","start":[49,14],"end":[50,14],"oneway":true,"open":false,"color":0},{"class":"wall","start":[50,14],"end":[51,14],"oneway":true,"open":false,"color":0},{"class":"wall","start":[50,20],"end":[49,20],"oneway":true,"open":false,"color":0},{"class":"wall","start":[51,20],"end":[50,20],"oneway":true,"open":false,"color":0},{"class":"wall","start":[66,17],"end":[67,17],"oneway":false,"open":false,"color":0},{"class":"wall","start":[68,17],"end":[67,17],"oneway":false,"open":false,"color":0},{"class":"wall","start":[69,17],"end":[68,17],"oneway":false,"open":false,"color":0},{"class":"wall","start":[70,17],"end":[69,17],"oneway":false,"open":false,"color":0},{"class":"wall","start":[71,17],"end":[70,17],"oneway":false,"open":false,"color":0},{"class":"wall","start":[79,17],"end":[80,17],"oneway":false,"open":false,"color":0},{"class":"wall","start":[80,17],"end":[80,18],"oneway":false,"open":false,"color":0},{"class":"wall","start":[80,14],"end":[80,15],"oneway":false,"open":false,"color":0},{"class":"wall","start":[72,17],"end":[71,17],"oneway":false,"open":false,"color":0},{"class":"wall","start":[73,17],"end":[72,17],"oneway":false,"open":false,"color":0},{"class":"wall","start":[74,17],"end":[73,17],"oneway":false,"open":false,"color":0},{"class":"wall","start":[75,17],"end":[74,17],"oneway":false,"open":false,"color":0},{"class":"wall","start":[76,17],"end":[75,17],"oneway":false,"open":false,"color":0},{"class":"wall","start":[77,17],"end":[76,17],"oneway":false,"open":false,"color":0},{"class":"wall","start":[78,17],"end":[77,17],"oneway":false,"open":false,"color":0},{"class":"wall","start":[79,17],"end":[78,17],"oneway":false,"open":false,"color":0},{"class":"wall","start":[50,19],"end":[49,20],"oneway":false,"open":false,"color":0},{"class":"wall","start":[49,14],"end":[50,15],"oneway":false,"open":false,"color":0},{"class":"wall","start":[52,20],"end":[51,20],"oneway":true,"open":false,"color":0},{"class":"wall","start":[51,14],"end":[52,14],"oneway":true,"open":false,"color":0},{"class":"wall","start":[40,15],"end":[40,14],"oneway":true,"open":false,"color":0},{"class":"wall","start":[9,5],"end":[9,4],"oneway":false,"open":false,"color":2},{"class":"wall","start":[9,5],"end":[9,6],"oneway":false,"open":false,"color":2},{"class":"wall","start":[9,6],"end":[9,7],"oneway":false,"open":false,"color":2},{"class":"wall","start":[9,7],"end":[9,8],"oneway":false,"open":false,"color":1},{"class":"wall","start":[9,9],"end":[9,8],"oneway":false,"open":false,"color":1},{"class":"wall","start":[9,9],"end":[9,10],"oneway":false,"open":false,"color":1},{"class":"wall","start":[9,7],"end":[10,7],"oneway":false,"open":false,"color":0},{"class":"wall","start":[10,7],"end":[11,7],"oneway":false,"open":false,"color":0},{"class":"wall","start":[11,7],"end":[12,7],"oneway":false,"open":false,"color":0},{"class":"wall","start":[12,7],"end":[13,7],"oneway":false,"open":false,"color":0},{"class":"wall","start":[13,7],"end":[14,7],"oneway":false,"open":false,"color":0},{"class":"wall","start":[14,7],"end":[15,7],"oneway":false,"open":false,"color":0},{"class":"wall","start":[16,7],"end":[15,7],"oneway":false,"open":false,"color":0},{"class":"wall","start":[16,7],"end":[17,7],"oneway":false,"open":false,"color":0},{"class":"wall","start":[17,7],"end":[18,7],"oneway":false,"open":false,"color":0},{"class":"wall","start":[19,7],"end":[18,7],"oneway":false,"open":false,"color":0},{"class":"wall","start":[20,7],"end":[19,7],"oneway":false,"open":false,"color":0},{"class":"wall","start":[20,7],"end":[21,7],"oneway":false,"open":false,"color":0},{"class":"wall","start":[21,7],"end":[22,7],"oneway":false,"open":false,"color":0},{"class":"wall","start":[22,7],"end":[23,7],"oneway":false,"open":false,"color":0},{"class":"wall","start":[23,7],"end":[24,7],"oneway":false,"open":false,"color":0},{"class":"wall","start":[24,7],"end":[25,7],"oneway":false,"open":false,"color":0},{"class":"wall","start":[26,7],"end":[25,7],"oneway":false,"open":false,"color":0},{"class":"wall","start":[27,7],"end":[26,7],"oneway":false,"open":false,"color":0},{"class":"wall","start":[27,7],"end":[28,7],"oneway":false,"open":false,"color":0},{"class":"wall","start":[20,6],"end":[20,7],"oneway":false,"open":false,"color":0},{"class":"wall","start":[20,10],"end":[20,9],"oneway":false,"open":false,"color":0},{"class":"wall","start":[28,7],"end":[29,7],"oneway":false,"open":false,"color":0},{"class":"wall","start":[29,7],"end":[30,7],"oneway":false,"open":false,"color":0},{"class":"wall","start":[30,7],"end":[31,7],"oneway":false,"open":false,"color":0},{"class":"wall","start":[31,8],"end":[31,7],"oneway":false,"open":false,"color":1},{"class":"wall","start":[31,8],"end":[31,9],"oneway":false,"open":false,"color":1},{"class":"wall","start":[31,10],"end":[31,9],"oneway":false,"open":false,"color":1},{"class":"wall","start":[31,5],"end":[31,4],"oneway":false,"open":false,"color":2},{"class":"wall","start":[31,6],"end":[31,5],"oneway":false,"open":false,"color":2},{"class":"wall","start":[31,6],"end":[31,7],"oneway":false,"open":false,"color":2},{"class":"wall","start":[35,9],"end":[36,9],"oneway":true,"open":false,"color":1},{"class":"wall","start":[36,9],"end":[37,9],"oneway":true,"open":false,"color":1},{"class":"wall","start":[33,7],"end":[34,7],"oneway":true,"open":false,"color":1},{"class":"wall","start":[34,7],"end":[35,7],"oneway":true,"open":false,"color":1},{"class":"wall","start":[35,11],"end":[36,11],"oneway":true,"open":false,"color":2},{"class":"wall","start":[36,11],"end":[37,10],"oneway":true,"open":false,"color":2},{"class":"wall","start":[34,12],"end":[35,11],"oneway":true,"open":false,"color":0},{"class":"cog","pos":[51.0173,19.5041]},{"class":"cog","pos":[91.5058,17.4869]},{"class":"cog","pos":[21.2201,9.48975]},{"class":"button","type":1,"pos":[81.7673,17.3997],"walls":[35]},{"class":"button","type":1,"pos":[81.71,14.3902],"walls":[34]},{"class":"button","type":0,"pos":[40.4547,14.48],"walls":[34,35]},{"class":"sign","pos":[44.4978,14.4403],"text":"You might want to move together this time..."},{"class":"enemy","type":"hunter","pos":[50.0179,20.4707],"color":0,"angle":0},{"class":"enemy","type":"hunter","pos":[49.9953,13.4806],"color":0,"angle":0},{"class":"enemy","type":"spike ball","pos":[59.4744,17.525],"color":0,"angle":0},{"class":"enemy","type":"spike ball","pos":[59.4457,15.404],"color":0,"angle":0},{"class":"enemy","type":"spike ball","pos":[64.5189,18.4708],"color":0,"angle":0},{"class":"enemy","type":"spike ball","pos":[64.4615,14.4581],"color":0,"angle":0},{"class":"enemy","type":"spike ball","pos":[69.5347,18.3561],"color":0,"angle":0},{"class":"enemy","type":"spike ball","pos":[70.3085,17.6109],"color":0,"angle":0},{"class":"enemy","type":"spike ball","pos":[69.6493,14.4581],"color":0,"angle":0},{"class":"enemy","type":"spike ball","pos":[70.3085,15.146],"color":0,"angle":0},{"class":"enemy","type":"spike ball","pos":[76.4489,17.4752],"color":0,"angle":0},{"class":"enemy","type":"spike ball","pos":[76.4489,14.4752],"color":0,"angle":0},{"class":"enemy","type":"spike ball","pos":[40.4997,16.4386],"color":0,"angle":0},{"class":"enemy","type":"spike ball","pos":[41.4673,16.4338],"color":0,"angle":0},{"class":"enemy","type":"bomber","pos":[9.42991,9.66464],"color":0,"angle":0},{"class":"enemy","type":"bomber","pos":[9.48313,6.61349],"color":0,"angle":0},{"class":"enemy","type":"hunter","pos":[20.4514,6.52468],"color":0,"angle":0},{"class":"enemy","type":"hunter","pos":[20.5098,9.47534],"color":0,"angle":0},{"class":"enemy","type":"wall crawler","pos":[36.7855,8.65195],"color":0,"angle":0},{"class":"enemy","type":"rocket spider","pos":[37.8366,4.92821],"color":0,"angle":0},{"class":"enemy","type":"wall crawler","pos":[33.9993,7.38621],"color":0,"angle":0},{"class":"enemy","type":"rocket spider","pos":[32.0206,4.88677],"color":0,"angle":0},{"class":"enemy","type":"wall crawler","pos":[35.1605,11.3811],"color":0,"angle":0},{"class":"enemy","type":"multi gun","pos":[88.9663,15.9714],"color":0,"angle":0}],"cells":[[1,1,1,1,1,1,1,1,1,1,1,1,1,1,1,1,1,1,1,1,1,1,1,1,1,1,1,1,1,1,1,1,1,1,1,1,1,1,1,1,1,1,1,1,1,1,1,1,1,1,1,1,1,1,1,1,1,1,1,1,1,1,1,1,1,1,1,1,1,1,1,1,1,1,1,1,1,1,1,1,1,1,1,1,1,1,1,1,1,1,1,1,1,1,1,1],[1,1,1,1,1,1,1,1,1,1,1,1,1,1,1,1,1,1,1,1,1,1,1,1,1,1,1,1,1,1,1,1,1,1,1,1,1,1,1,1,1,1,1,1,1,1,1,1,1,1,1,1,1,1,1,1,1,1,1,1,1,1,1,1,1,1,1,1,1,1,1,1,1,1,1,1,1,1,1,1,1,1,1,1,1,1,1,1,1,1,1,1,1,1,1,1],[1,1,1,1,1,1,1,1,1,1,1,1,1,1,1,1,1,1,1,1,1,1,1,1,1,1,1,1,1,1,1,1,1,1,1,1,1,1,1,1,1,1,1,1,1,1,1,1,1,1,1,1,1,1,1,1,1,1,1,1,1,1,1,1,1,1,1,1,1,1,1,1,1,1,1,1,1,1,1,1,1,1,1,1,1,1,1,1,1,1,1,1,1,1,1,1],[1,1,1,1,1,1,1,1,1,1,1,1,1,1,1,1,1,1,1,1,1,1,1,1,1,1,1,1,1,1,1,1,1,1,1,1,1,1,1,1,1,1,1,1,1,1,1,1,1,1,1,1,1,1,1,1,1,1,1,1,1,1,1,1,1,1,1,1,1,1,1,1,1,1,1,1,1,1,1,1,1,1,1,1,1,1,1,1,1,1,1,1,1,1,1,1],[1,1,0,0,0,0,0,0,0,0,0,0,0,0,0,0,0,0,0,0,0,0,0,0,0,0,0,0,0,0,0,0,0,0,0,0,0,0,0,1,1,1,1,1,1,1,1,1,1,1,1,1,1,1,1,1,1,1,1,1,1,1,1,1,1,1,1,1,1,1,1,1,1,1,1,1,1,1,1,1,1,1,1,1,1,1,1,1,1,1,1,1,1,1,1,1],[1,1,0,0,0,0,0,0,0,0,0,0,0,0,0,0,0,0,0,0,0,0,0,0,0,0,0,0,0,0,0,0,0,0,0,0,0,0,0,1,1,1,1,1,1,1,1,1,1,1,1,1,1,1,1,1,1,1,1,1,1,1,1,1,1,1,1,1,1,1,1,1,1,1,1,1,1,1,1,1,1,1,1,1,1,1,1,1,1,1,1,1,1,1,1,1],[1,1,0,0,0,0,0,0,0,0,0,0,0,0,0,0,0,0,0,0,0,0,0,0,0,0,0,0,0,0,0,0,0,0,0,0,0,0,0,1,1,1,1,1,1,1,1,1,1,1,1,1,1,1,1,1,1,1,1,1,1,1,1,1,1,1,1,1,1,1,1,1,1,1,1,1,1,1,1,1,1,1,1,1,1,1,1,1,1,1,1,1,1,1,1,1],[1,1,0,0,0,0,0,0,0,0,0,0,0,0,0,0,0,0,0,0,0,0,0,0,0,0,0,0,0,0,0,0,0,0,0,0,0,0,0,1,1,1,1,1,1,1,1,1,1,1,1,1,1,1,1,1,1,1,1,1,1,1,1,1,1,1,1,1,1,1,1,1,1,1,1,1,1,1,1,1,1,1,1,1,1,1,1,1,1,1,1,1,1,1,1,1],[1,1,0,0,0,0,0,0,0,0,0,0,0,0,0,0,0,0,0,0,0,0,0,0,0,0,0,0,0,0,0,0,0,0,0,0,0,0,0,1,1,1,1,1,1,1,1,1,1,1,1,1,1,1,1,1,1,1,1,1,1,1,1,1,1,1,1,1,1,1,1,1,1,1,1,1,1,1,1,1,1,1,1,1,1,1,1,1,1,1,1,1,1,1,1,1],[1,1,0,0,0,0,0,0,0,0,0,0,0,0,0,0,0,0,0,0,0,0,0,0,0,0,0,0,0,0,0,0,0,0,0,0,0,0,0,1,1,1,1,1,1,1,1,1,1,1,1,1,1,1,1,1,1,1,1,1,1,1,1,1,1,1,1,1,1,1,1,1,1,1,1,1,1,1,1,1,1,1,1,1,1,1,1,1,1,1,1,1,1,1,1,1],[1,1,1,1,1,1,1,1,1,1,1,1,1,1,1,1,1,1,1,1,1,1,1,1,1,1,1,1,1,1,1,0,0,0,0,0,0,0,5,1,1,1,1,1,1,1,1,1,1,1,1,1,1,1,1,1,1,1,1,1,1,1,1,1,1,1,1,1,1,1,1,1,1,1,1,1,1,1,1,1,1,1,1,1,1,1,1,1,1,1,1,1,1,1,1,1],[1,1,1,1,1,1,1,1,1,1,1,1,1,1,1,1,1,1,1,1,1,1,1,1,1,1,1,1,1,1,1,0,0,0,0,0,0,5,1,1,1,1,1,1,1,1,1,1,1,1,1,1,1,1,1,1,1,1,1,1,1,1,1,1,1,1,1,1,1,1,1,1,1,1,1,1,1,1,1,1,1,1,1,1,1,1,1,1,1,1,1,1,1,1,1,1],[1,1,1,1,1,1,1,1,1,1,1,1,1,1,1,1,1,1,1,1,1,1,1,1,1,1,1,1,1,1,1,4,0,0,0,0,0,3,1,1,1,1,1,1,1,1,1,1,1,1,1,1,1,1,1,1,1,1,1,1,1,1,1,1,1,1,1,1,1,1,1,1,1,1,1,1,1,1,1,1,1,1,1,1,1,1,1,1,1,1,1,1,1,1,1,1],[1,1,1,1,1,1,1,1,1,1,1,1,1,1,1,1,1,1,1,1,1,1,1,1,1,1,1,1,1,1,1,1,4,0,0,0,0,0,3,1,1,1,1,1,1,1,1,1,1,0,0,3,1,1,1,1,1,1,1,1,1,1,1,1,1,1,1,1,1,1,1,1,1,1,1,1,1,1,1,1,1,1,1,1,1,1,1,1,1,1,1,1,1,1,1,1],[1,1,1,1,1,1,1,1,1,1,1,1,1,1,1,1,1,1,1,1,1,1,1,1,1,1,1,1,1,1,1,1,1,4,0,0,0,0,0,0,0,0,0,0,0,0,0,0,0,0,0,0,0,0,0,0,0,0,0,0,0,0,0,0,0,0,0,0,0,0,0,0,0,0,0,0,0,0,0,0,0,0,0,0,0,0,0,0,0,0,0,0,1,1,1,1],[1,1,1,1,1,1,1,1,1,1,1,1,1,1,1,1,1,1,1,1,1,1,1,1,1,1,1,1,1,1,1,1,1,1,1,1,1,1,1,1,0,0,0,0,0,0,0,0,0,0,0,0,0,0,0,0,0,0,0,0,0,0,0,0,0,0,0,0,0,0,0,0,0,0,0,0,0,0,0,0,1,1,1,1,4,0,0,0,0,0,0,0,0,0,1,1],[1,1,1,1,1,1,1,1,1,1,1,1,1,1,1,1,1,1,1,1,1,1,1,1,1,1,1,1,1,1,1,1,1,1,1,1,1,1,1,1,0,0,0,0,0,0,0,0,0,0,0,0,0,0,0,0,0,0,0,0,0,0,0,0,0,0,0,0,0,0,0,0,0,0,0,0,0,0,0,0,1,1,1,1,2,0,0,0,0,0,0,0,0,0,1,1],[1,1,1,1,1,1,1,1,1,1,1,1,1,1,1,1,1,1,1,1,1,1,1,1,1,1,1,1,1,1,1,1,1,1,1,1,1,1,1,1,0,0,0,0,0,0,0,0,0,0,0,0,0,0,0,0,0,0,0,0,0,0,0,0,0,0,0,0,0,0,0,0,0,0,0,0,0,0,0,0,0,0,0,0,0,0,0,0,0,0,0,0,1,1,1,1],[1,1,1,1,1,1,1,1,1,1,1,1,1,1,1,1,1,1,1,1,1,1,1,1,1,1,1,1,1,1,1,1,1,1,1,1,1,1,1,1,0,0,0,0,0,0,0,0,0,0,0,0,0,0,0,0,0,0,0,0,0,0,0,0,0,0,0,0,0,0,0,0,0,0,0,0,0,0,0,0,1,1,1,1,1,1,1,1,1,1,1,1,1,1,1,1],[1,1,1,1,1,1,1,1,1,1,1,1,1,1,1,1,1,1,1,1,1,1,1,1,1,1,1,1,1,1,1,1,1,1,1,1,1,1,1,1,0,0,0,0,0,0,0,0,0,0,0,0,0,0,0,0,0,0,0,0,0,0,0,0,0,0,0,0,0,0,0,0,0,0,0,0,0,0,0,0,1,1,1,1,1,1,1,1,1,1,1,1,1,1,1,1],[1,1,1,1,1,1,1,1,1,1,1,1,1,1,1,1,1,1,1,1,1,1,1,1,1,1,1,1,1,1,1,1,1,1,1,1,1,1,1,1,1,1,1,1,1,1,1,1,1,0,0,5,1,1,1,1,1,1,1,1,1,1,1,1,1,1,1,1,1,1,1,1,1,1,1,1,1,1,1,1,1,1,1,1,1,1,1,1,1,1,1,1,1,1,1,1],[1,1,1,1,1,1,1,1,1,1,1,1,1,1,1,1,1,1,1,1,1,1,1,1,1,1,1,1,1,1,1,1,1,1,1,1,1,1,1,1,1,1,1,1,1,1,1,1,1,1,1,1,1,1,1,1,1,1,1,1,1,1,1,1,1,1,1,1,1,1,1,1,1,1,1,1,1,1,1,1,1,1,1,1,1,1,1,1,1,1,1,1,1,1,1,1],[1,1,1,1,1,1,1,1,1,1,1,1,1,1,1,1,1,1,1,1,1,1,1,1,1,1,1,1,1,1,1,1,1,1,1,1,1,1,1,1,1,1,1,1,1,1,1,1,1,1,1,1,1,1,1,1,1,1,1,1,1,1,1,1,1,1,1,1,1,1,1,1,1,1,1,1,1,1,1,1,1,1,1,1,1,1,1,1,1,1,1,1,1,1,1,1],[1,1,1,1,1,1,1,1,1,1,1,1,1,1,1,1,1,1,1,1,1,1,1,1,1,1,1,1,1,1,1,1,1,1,1,1,1,1,1,1,1,1,1,1,1,1,1,1,1,1,1,1,1,1,1,1,1,1,1,1,1,1,1,1,1,1,1,1,1,1,1,1,1,1,1,1,1,1,1,1,1,1,1,1,1,1,1,1,1,1,1,1,1,1,1,1]]}
