{"unique_id":137912188,"width":40,"height":32,"start":[16,17],"end":[10,21],"entities":[{"class":"wall","start":[7,20],"end":[6,20],"oneway":false,"open":false,"color":0},{"class":"wall","start":[8,20],"end":[7,20],"oneway":false,"open":false,"color":0},{"class":"wall","start":[11,20],"end":[10,20],"oneway":false,"open":false,"color":0},{"class":"wall","start":[11,20],"end":[12,20],"oneway":false,"open":false,"color":0},{"class":"wall","start":[8,20],"end":[9,20],"oneway":false,"open":false,"color":0},{"class":"wall","start":[9,20],"end":[10,20],"oneway":false,"open":false,"color":0},{"class":"wall","start":[13,21],"end":[12,20],"oneway":false,"open":false,"color":0},{"class":"wall","start":[15,23],"end":[14,22],"oneway":false,"open":false,"color":0},{"class":"wall","start":[12,19],"end":[12,20],"oneway":false,"open":false,"color":0},{"class":"wall","start":[12,18],"end":[12,19],"oneway":false,"open":false,"color":0},{"class":"wall","start":[12,16],"end":[12,15],"oneway":false,"open":false,"color":0},{"class":"wall","start":[12,14],"end":[12,15],"oneway":false,"open":false,"color":0},{"class":"wall","start":[15,23],"end":[16,23],"oneway":false,"open":false,"color":0},{"class":"wall","start":[16,23],"end":[17,23],"oneway":false,"open":false,"color":0},{"class":"wall","start":[17,23],"end":[18,23],"oneway":false,"open":false,"color":0},{"class":"wall","start":[18,23],"end":[19,23],"oneway":false,"open":false,"color":0},{"class":"wall","start":[19,23],"end":[20,23],"oneway":false,"open":false,"color":0},{"class":"wall","start":[20,23],"end":[21,23],"oneway":false,"open":false,"color":0},{"class":"wall","start":[21,19],"end":[21,20],"oneway":false,"open":false,"color":0},{"class":"wall","start":[21,17],"end":[21,18],"oneway":false,"open":false,"color":0},{"class":"wall","start":[20,16],"end":[21,17],"oneway":false,"open":false,"color":0},{"class":"wall","start":[18,14],"end":[19,15],"oneway":false,"open":false,"color":0},{"class":"wall","start":[17,14],"end":[18,14],"oneway":false,"open":false,"color":0},{"class":"wall","start":[17,14],"end":[16,14],"oneway":false,"open":false,"color":0},{"class":"wall","start":[13,14],"end":[12,14],"oneway":false,"open":false,"color":0},{"class":"wall","start":[13,14],"end":[14,14],"oneway":false,"open":false,"color":0},{"class":"wall","start":[15,16],"end":[16,17],"oneway":false,"open":false,"color":2},{"class":"wall","start":[15,17],"end":[16,17],"oneway":false,"open":false,"color":0},{"class":"wall","start":[16,17],"end":[17,17],"oneway":false,"open":false,"color":2},{"class":"wall","start":[17,16],"end":[18,17],"oneway":false,"open":false,"color":2},{"class":"wall","start":[17,17],"end":[18,17],"oneway":false,"open":false,"color":0},{"class":"wall","start":[17,16],"end":[16,16],"oneway":false,"open":false,"color":0},{"class":"wall","start":[15,16],"end":[16,16],"oneway":false,"open":false,"color":0},{"class":"wall","start":[15,16],"end":[15,17],"oneway":false,"open":false,"color":2},{"class":"wall","start":[15,17],"end":[15,18],"oneway":false,"open":false,"color":0},{"class":"wall","start":[16,19],"end":[15,18],"oneway":false,"open":false,"color":1},{"class":"wall","start":[16,19],"end":[17,19],"oneway":false,"open":false,"color":0},{"class":"wall","start":[18,19],"end":[17,19],"oneway":false,"open":false,"color":0},{"class":"wall","start":[17,18],"end":[18,19],"oneway":false,"open":false,"color":1},{"class":"wall","start":[17,18],"end":[16,18],"oneway":false,"open":false,"color":1},{"class":"wall","start":[16,18],"end":[15,18],"oneway":false,"open":false,"color":0},{"class":"wall","start":[17,18],"end":[17,17],"oneway":false,"open":false,"color":0},{"class":"wall","start":[17,16],"end":[17,17],"oneway":false,"open":false,"color":2},{"class":"wall","start":[18,18],"end":[18,19],"oneway":false,"open":false,"color":1},{"class":"wall","start":[18,17],"end":[18,18],"oneway":false,"open":false,"color":0},{"class":"wall","start":[21,17],"end":[20,17],"oneway":false,"open":false,"color":0},{"class":"wall","start":[18,17],"end":[19,17],"oneway":false,"open":false,"color":0},{"class":"wall","start":[15,22],"end":[15,23],"oneway":false,"open":false,"color":0},{"class":"wall","start":[15,21],"end":[15,22],"oneway":false,"open":false,"color":0},{"class":"wall","start":[15,20],"end":[15,21],"oneway":false,"open":false,"color":2},{"class":"wall","start":[15,19],"end":[15,20],"oneway":false,"open":false,"color":0},{"class":"wall","start":[15,19],"end":[15,18],"oneway":false,"open":false,"color":0},{"class":"wall","start":[15,17],"end":[14,16],"oneway":false,"open":false,"color":0},{"class":"wall","start":[14,16],"end":[13,15],"oneway":false,"open":false,"color":1},{"class":"wall","start":[13,15],"end":[12,14],"oneway":false,"open":false,"color":0},{"class":"wall","start":[16,17],"end":[16,18],"oneway":false,"open":false,"color":0},{"class":"wall","start":[16,18],"end":[16,19],"oneway":false,"open":false,"color":1},{"class":"wall","start":[19,17],"end":[20,17],"oneway":false,"open":false,"color":2},{"class":"wall","start":[12,17],"end":[12,18],"oneway":true,"open":false,"color":0},{"class":"wall","start":[12,16],"end":[12,17],"oneway":true,"open":false,"color":0},{"class":"wall","start":[26,22],"end":[27,23],"oneway":false,"open":false,"color":0},{"class":"wall","start":[25,21],"end":[26,22],"oneway":false,"open":false,"color":0},{"class":"wall","start":[24,20],"end":[25,21],"oneway":false,"open":false,"color":0},{"class":"wall","start":[21,23],"end":[20,22],"oneway":false,"open":false,"color":0},{"class":"wall","start":[20,22],"end":[19,21],"oneway":false,"open":false,"color":0},{"class":"wall","start":[19,21],"end":[18,20],"oneway":false,"open":false,"color":0},{"class":"wall","start":[18,20],"end":[19,20],"oneway":false,"open":false,"color":0},{"class":"wall","start":[20,20],"end":[21,20],"oneway":false,"open":false,"color":0},{"class":"wall","start":[21,20],"end":[22,20],"oneway":false,"open":false,"color":0},{"class":"wall","start":[23,20],"end":[24,20],"oneway":false,"open":false,"color":0},{"class":"wall","start":[13,20],"end":[12,20],"oneway":false,"open":false,"color":0},{"class":"wall","start":[15,20],"end":[14,20],"oneway":false,"open":false,"color":0},{"class":"wall","start":[18,20],"end":[17,20],"oneway":false,"open":false,"color":0},{"class":"wall","start":[16,20],"end":[15,20],"oneway":false,"open":false,"color":0},{"class":"wall","start":[21,21],"end":[21,20],"oneway":false,"open":false,"color":0},{"class":"wall","start":[21,22],"end":[21,23],"oneway":false,"open":false,"color":0},{"class":"wall","start":[18,19],"end":[18,20],"oneway":false,"open":false,"color":0},{"class":"wall","start":[18,17],"end":[18,16],"oneway":false,"open":false,"color":0},{"class":"wall","start":[18,14],"end":[18,15],"oneway":false,"open":false,"color":0},{"class":"wall","start":[27,23],"end":[28,24],"oneway":false,"open":false,"color":0},{"class":"wall","start":[28,24],"end":[29,25],"oneway":false,"open":false,"color":0},{"class":"wall","start":[30,26],"end":[29,25],"oneway":false,"open":false,"color":0},{"class":"wall","start":[31,27],"end":[30,26],"oneway":false,"open":false,"color":0},{"class":"wall","start":[32,28],"end":[33,29],"oneway":false,"open":false,"color":0},{"class":"wall","start":[9,23],"end":[10,23],"oneway":false,"open":false,"color":0},{"class":"wall","start":[10,23],"end":[11,23],"oneway":false,"open":false,"color":0},{"class":"wall","start":[11,23],"end":[12,23],"oneway":false,"open":false,"color":0},{"class":"wall","start":[12,23],"end":[13,23],"oneway":false,"open":false,"color":0},{"class":"wall","start":[13,23],"end":[14,23],"oneway":false,"open":false,"color":0},{"class":"wall","start":[14,23],"end":[15,23],"oneway":false,"open":false,"color":0},{"class":"wall","start":[15,23],"end":[16,24],"oneway":false,"open":false,"color":2},{"class":"wall","start":[26,28],"end":[27,29],"oneway":false,"open":false,"color":0},{"class":"wall","start":[30,26],"end":[29,26],"oneway":false,"open":false,"color":0},{"class":"wall","start":[21,23],"end":[22,23],"oneway":false,"open":false,"color":0},{"class":"wall","start":[22,23],"end":[23,23],"oneway":false,"open":false,"color":0},{"class":"wall","start":[24,19],"end":[24,20],"oneway":false,"open":false,"color":0},{"class":"wall","start":[24,17],"end":[24,18],"oneway":false,"open":false,"color":0},{"class":"wall","start":[24,17],"end":[24,16],"oneway":false,"open":false,"color":0},{"class":"wall","start":[24,15],"end":[24,14],"oneway":false,"open":false,"color":0},{"class":"wall","start":[24,13],"end":[24,14],"oneway":false,"open":false,"color":0},{"class":"wall","start":[24,12],"end":[24,13],"oneway":false,"open":false,"color":0},{"class":"wall","start":[24,11],"end":[24,12],"oneway":false,"open":false,"color":0},{"class":"wall","start":[24,11],"end":[24,10],"oneway":false,"open":false,"color":0},{"class":"wall","start":[24,10],"end":[24,9],"oneway":false,"open":false,"color":0},{"class":"wall","start":[24,9],"end":[24,8],"oneway":false,"open":false,"color":0},{"class":"wall","start":[24,8],"end":[24,7],"oneway":false,"open":false,"color":0},{"class":"wall","start":[24,7],"end":[24,6],"oneway":false,"open":false,"color":0},{"class":"wall","start":[24,5],"end":[24,6],"oneway":false,"open":false,"color":0},{"class":"wall","start":[24,5],"end":[24,4],"oneway":false,"open":false,"color":0},{"class":"wall","start":[24,4],"end":[24,3],"oneway":false,"open":false,"color":0},{"class":"wall","start":[24,3],"end":[24,2],"oneway":false,"open":false,"color":0},{"class":"wall","start":[6,14],"end":[7,14],"oneway":false,"open":false,"color":0},{"class":"wall","start":[7,14],"end":[8,14],"oneway":false,"open":false,"color":0},{"class":"wall","start":[10,14],"end":[11,14],"oneway":false,"open":false,"color":0},{"class":"wall","start":[12,14],"end":[11,14],"oneway":false,"open":false,"color":0},{"class":"wall","start":[18,14],"end":[19,14],"oneway":false,"open":false,"color":0},{"class":"wall","start":[19,14],"end":[20,14],"oneway":false,"open":false,"color":0},{"class":"wall","start":[22,14],"end":[23,14],"oneway":false,"open":false,"color":0},{"class":"wall","start":[23,14],"end":[24,14],"oneway":false,"open":false,"color":0},{"class":"wall","start":[27,21],"end":[27,22],"oneway":false,"open":false,"color":0},{"class":"wall","start":[27,21],"end":[27,20],"oneway":false,"open":false,"color":0},{"class":"wall","start":[27,20],"end":[27,19],"oneway":false,"open":false,"color":0},{"class":"wall","start":[27,18],"end":[27,19],"oneway":false,"open":false,"color":0},{"class":"wall","start":[27,17],"end":[27,18],"oneway":false,"open":false,"color":0},{"class":"wall","start":[27,16],"end":[27,17],"oneway":false,"open":false,"color":0},{"class":"wall","start":[27,16],"end":[27,15],"oneway":false,"open":false,"color":0},{"class":"wall","start":[27,15],"end":[27,14],"oneway":false,"open":false,"color":0},{"class":"wall","start":[27,14],"end":[27,13],"oneway":false,"open":false,"color":0},{"class":"wall","start":[27,13],"end":[27,12],"oneway":false,"open":false,"color":0},{"class":"wall","start":[27,11],"end":[27,12],"oneway":false,"open":false,"color":1},{"class":"wall","start":[27,10],"end":[27,11],"oneway":false,"open":false,"color":0},{"class":"wall","start":[27,10],"end":[27,9],"oneway":false,"open":false,"color":0},{"class":"wall","start":[27,9],"end":[27,8],"oneway":false,"open":false,"color":0},{"class":"wall","start":[27,8],"end":[27,7],"oneway":false,"open":false,"color":0},{"class":"wall","start":[27,7],"end":[27,6],"oneway":false,"open":false,"color":0},{"class":"wall","start":[27,6],"end":[27,5],"oneway":false,"open":false,"color":0},{"class":"wall","start":[30,26],"end":[30,25],"oneway":false,"open":false,"color":0},{"class":"wall","start":[30,24],"end":[30,25],"oneway":false,"open":false,"color":0},{"class":"wall","start":[30,24],"end":[30,23],"oneway":false,"open":false,"color":0},{"class":"wall","start":[30,22],"end":[30,23],"oneway":false,"open":false,"color":0},{"class":"wall","start":[30,21],"end":[30,22],"oneway":false,"open":false,"color":0},{"class":"wall","start":[30,14],"end":[30,13],"oneway":false,"open":false,"color":0},{"class":"wall","start":[30,12],"end":[30,13],"oneway":false,"open":false,"color":0},{"class":"wall","start":[30,11],"end":[30,10],"oneway":false,"open":false,"color":0},{"class":"wall","start":[30,9],"end":[30,10],"oneway":false,"open":false,"color":0},{"class":"wall","start":[30,9],"end":[30,8],"oneway":false,"open":false,"color":1},{"class":"wall","start":[25,15],"end":[24,14],"oneway":false,"open":false,"color":0},{"class":"wall","start":[26,16],"end":[25,15],"oneway":false,"open":false,"color":0},{"class":"wall","start":[26,16],"end":[27,17],"oneway":false,"open":false,"color":0},{"class":"wall","start":[27,17],"end":[28,18],"oneway":false,"open":false,"color":0},{"class":"wall","start":[28,18],"end":[29,19],"oneway":false,"open":false,"color":0},{"class":"wall","start":[31,21],"end":[30,20],"oneway":false,"open":false,"color":0},{"class":"wall","start":[24,8],"end":[25,9],"oneway":false,"open":false,"color":0},{"class":"wall","start":[25,9],"end":[26,10],"oneway":false,"open":false,"color":0},{"class":"wall","start":[26,10],"end":[27,11],"oneway":false,"open":false,"color":1},{"class":"wall","start":[28,12],"end":[29,13],"oneway":false,"open":false,"color":0},{"class":"wall","start":[29,13],"end":[30,14],"oneway":false,"open":false,"color":0},{"class":"wall","start":[30,14],"end":[31,15],"oneway":false,"open":false,"color":0},{"class":"wall","start":[32,16],"end":[31,15],"oneway":false,"open":false,"color":0},{"class":"wall","start":[33,17],"end":[32,16],"oneway":false,"open":false,"color":0},{"class":"wall","start":[22,17],"end":[21,17],"oneway":false,"open":false,"color":0},{"class":"wall","start":[23,17],"end":[22,17],"oneway":false,"open":false,"color":0},{"class":"wall","start":[23,17],"end":[24,17],"oneway":false,"open":false,"color":0},{"class":"wall","start":[24,17],"end":[25,17],"oneway":false,"open":false,"color":0},{"class":"wall","start":[26,17],"end":[27,17],"oneway":false,"open":false,"color":0},{"class":"wall","start":[18,14],"end":[18,13],"oneway":false,"open":false,"color":0},{"class":"wall","start":[18,12],"end":[18,13],"oneway":false,"open":false,"color":0},{"class":"wall","start":[18,11],"end":[18,12],"oneway":false,"open":false,"color":0},{"class":"wall","start":[18,10],"end":[18,9],"oneway":false,"open":false,"color":0},{"class":"wall","start":[18,10],"end":[18,11],"oneway":false,"open":false,"color":0},{"class":"wall","start":[18,8],"end":[18,7],"oneway":false,"open":false,"color":0},{"class":"wall","start":[18,6],"end":[18,7],"oneway":false,"open":false,"color":0},{"class":"wall","start":[18,6],"end":[18,5],"oneway":false,"open":false,"color":0},{"class":"wall","start":[18,5],"end":[18,4],"oneway":false,"open":false,"color":0},{"class":"wall","start":[18,4],"end":[18,3],"oneway":false,"open":false,"color":0},{"class":"wall","start":[18,3],"end":[18,2],"oneway":false,"open":false,"color":0},{"class":"wall","start":[12,14],"end":[12,13],"oneway":false,"open":false,"color":0},{"class":"wall","start":[12,13],"end":[12,12],"oneway":false,"open":false,"color":0},{"class":"wall","start":[12,12],"end":[12,11],"oneway":false,"open":false,"color":0},{"class":"wall","start":[12,3],"end":[12,4],"oneway":false,"open":false,"color":0},{"class":"wall","start":[12,2],"end":[12,3],"oneway":false,"open":false,"color":0},{"class":"wall","start":[8,8],"end":[7,8],"oneway":false,"open":false,"color":0},{"class":"wall","start":[17,8],"end":[16,8],"oneway":false,"open":false,"color":0},{"class":"wall","start":[18,8],"end":[18,9],"oneway":false,"open":false,"color":0},{"class":"wall","start":[9,14],"end":[8,14],"oneway":true,"open":false,"color":0},{"class":"wall","start":[10,14],"end":[9,14],"oneway":true,"open":false,"color":0},{"class":"wall","start":[21,21],"end":[21,22],"oneway":true,"open":false,"color":0},{"class":"wall","start":[20,20],"end":[19,20],"oneway":true,"open":false,"color":0},{"class":"wall","start":[24,19],"end":[24,18],"oneway":false,"open":false,"color":1},{"class":"wall","start":[19,15],"end":[20,16],"oneway":true,"open":false,"color":0},{"class":"wall","start":[24,16],"end":[24,15],"oneway":true,"open":false,"color":0},{"class":"wall","start":[25,17],"end":[26,17],"oneway":true,"open":false,"color":0},{"class":"wall","start":[32,22],"end":[31,21],"oneway":false,"open":false,"color":0},{"class":"wall","start":[22,11],"end":[22,10],"oneway":false,"open":false,"color":0},{"class":"wall","start":[20,11],"end":[20,10],"oneway":false,"open":false,"color":0},{"class":"wall","start":[20,9],"end":[20,8],"oneway":false,"open":false,"color":0},{"class":"wall","start":[20,8],"end":[20,7],"oneway":false,"open":false,"color":0},{"class":"wall","start":[20,6],"end":[20,7],"oneway":false,"open":false,"color":0},{"class":"wall","start":[20,6],"end":[20,5],"oneway":false,"open":false,"color":0},{"class":"wall","start":[20,4],"end":[20,5],"oneway":false,"open":false,"color":0},{"class":"wall","start":[22,8],"end":[22,9],"oneway":false,"open":false,"color":0},{"class":"wall","start":[22,7],"end":[22,8],"oneway":false,"open":false,"color":0},{"class":"wall","start":[22,7],"end":[22,6],"oneway":false,"open":false,"color":0},{"class":"wall","start":[22,6],"end":[22,5],"oneway":false,"open":false,"color":0},{"class":"wall","start":[22,5],"end":[22,4],"oneway":false,"open":false,"color":0},{"class":"wall","start":[20,4],"end":[21,3],"oneway":true,"open":false,"color":0},{"class":"wall","start":[21,3],"end":[22,4],"oneway":true,"open":false,"color":0},{"class":"wall","start":[20,9],"end":[20,10],"oneway":true,"open":false,"color":0},{"class":"wall","start":[22,10],"end":[22,9],"oneway":true,"open":false,"color":0},{"class":"wall","start":[19,8],"end":[18,8],"oneway":true,"open":false,"color":0},{"class":"wall","start":[20,8],"end":[19,8],"oneway":true,"open":false,"color":0},{"class":"wall","start":[23,8],"end":[22,8],"oneway":true,"open":false,"color":0},{"class":"wall","start":[24,8],"end":[23,8],"oneway":true,"open":false,"color":0},{"class":"wall","start":[24,12],"end":[25,13],"oneway":false,"open":false,"color":1},{"class":"wall","start":[24,13],"end":[25,14],"oneway":false,"open":false,"color":1},{"class":"wall","start":[25,14],"end":[26,13],"oneway":false,"open":false,"color":1},{"class":"wall","start":[26,13],"end":[25,12],"oneway":false,"open":false,"color":1},{"class":"wall","start":[24,13],"end":[25,12],"oneway":false,"open":false,"color":1},{"class":"wall","start":[26,13],"end":[26,12],"oneway":false,"open":false,"color":1},{"class":"wall","start":[26,12],"end":[25,11],"oneway":false,"open":false,"color":1},{"class":"wall","start":[25,11],"end":[25,12],"oneway":false,"open":false,"color":1},{"class":"wall","start":[25,11],"end":[24,12],"oneway":false,"open":false,"color":1},{"class":"wall","start":[26,10],"end":[25,11],"oneway":false,"open":false,"color":1},{"class":"wall","start":[26,12],"end":[27,11],"oneway":false,"open":false,"color":1},{"class":"wall","start":[26,13],"end":[27,12],"oneway":false,"open":false,"color":1},{"class":"wall","start":[26,12],"end":[25,13],"oneway":false,"open":false,"color":1},{"class":"wall","start":[25,13],"end":[25,14],"oneway":false,"open":false,"color":1},{"class":"wall","start":[26,10],"end":[26,11],"oneway":false,"open":false,"color":1},{"class":"wall","start":[26,11],"end":[25,12],"oneway":false,"open":false,"color":1},{"class":"wall","start":[27,12],"end":[26,11],"oneway":false,"open":false,"color":1},{"class":"wall","start":[28,11],"end":[27,12],"oneway":false,"open":false,"color":1},{"class":"wall","start":[27,10],"end":[28,11],"oneway":false,"open":false,"color":1},{"class":"wall","start":[26,11],"end":[27,10],"oneway":false,"open":false,"color":1},{"class":"wall","start":[26,10],"end":[27,9],"oneway":false,"open":false,"color":1},{"class":"wall","start":[28,10],"end":[27,9],"oneway":false,"open":false,"color":1},{"class":"wall","start":[28,11],"end":[28,10],"oneway":false,"open":false,"color":1},{"class":"wall","start":[29,10],"end":[28,11],"oneway":false,"open":false,"color":1},{"class":"wall","start":[29,10],"end":[28,9],"oneway":false,"open":false,"color":1},{"class":"wall","start":[28,9],"end":[27,10],"oneway":false,"open":false,"color":1},{"class":"wall","start":[28,8],"end":[27,9],"oneway":false,"open":false,"color":1},{"class":"wall","start":[28,8],"end":[28,9],"oneway":false,"open":false,"color":1},{"class":"wall","start":[28,8],"end":[29,9],"oneway":false,"open":false,"color":1},{"class":"wall","start":[29,10],"end":[29,9],"oneway":false,"open":false,"color":1},{"class":"wall","start":[29,7],"end":[28,8],"oneway":false,"open":false,"color":1},{"class":"wall","start":[30,8],"end":[29,7],"oneway":false,"open":false,"color":1},{"class":"wall","start":[29,9],"end":[30,8],"oneway":false,"open":false,"color":1},{"class":"wall","start":[29,10],"end":[30,9],"oneway":false,"open":false,"color":1},{"class":"wall","start":[30,11],"end":[30,12],"oneway":false,"open":false,"color":0},{"class":"wall","start":[28,10],"end":[27,11],"oneway":false,"open":false,"color":1},{"class":"wall","start":[29,9],"end":[28,10],"oneway":false,"open":false,"color":1},{"class":"wall","start":[30,21],"end":[30,20],"oneway":false,"open":false,"color":0},{"class":"wall","start":[29,22],"end":[28,22],"oneway":false,"open":false,"color":0},{"class":"wall","start":[29,22],"end":[29,21],"oneway":false,"open":false,"color":0},{"class":"wall","start":[30,23],"end":[29,22],"oneway":false,"open":false,"color":0},{"class":"wall","start":[30,23],"end":[31,24],"oneway":false,"open":false,"color":0},{"class":"wall","start":[31,24],"end":[32,25],"oneway":false,"open":false,"color":0},{"class":"wall","start":[33,26],"end":[32,25],"oneway":false,"open":false,"color":0},{"class":"wall","start":[26,24],"end":[26,25],"oneway":false,"open":false,"color":0},{"class":"wall","start":[25,23],"end":[26,24],"oneway":false,"open":false,"color":0},{"class":"wall","start":[25,24],"end":[25,23],"oneway":false,"open":false,"color":0},{"class":"wall","start":[28,26],"end":[28,27],"oneway":false,"open":false,"color":0},{"class":"wall","start":[27,25],"end":[28,26],"oneway":false,"open":false,"color":0},{"class":"wall","start":[20,25],"end":[20,26],"oneway":false,"open":false,"color":2},{"class":"wall","start":[27,26],"end":[27,25],"oneway":false,"open":false,"color":0},{"class":"wall","start":[24,23],"end":[23,23],"oneway":false,"open":false,"color":0},{"class":"wall","start":[25,23],"end":[26,23],"oneway":false,"open":false,"color":2},{"class":"wall","start":[26,23],"end":[27,23],"oneway":false,"open":false,"color":2},{"class":"wall","start":[30,20],"end":[29,19],"oneway":false,"open":false,"color":1},{"class":"wall","start":[25,23],"end":[24,23],"oneway":true,"open":false,"color":0},{"class":"wall","start":[27,25],"end":[26,25],"oneway":true,"open":false,"color":0},{"class":"wall","start":[24,26],"end":[23,25],"oneway":true,"open":false,"color":0},{"class":"wall","start":[20,27],"end":[20,28],"oneway":false,"open":false,"color":0},{"class":"wall","start":[19,26],"end":[20,27],"oneway":false,"open":false,"color":0},{"class":"wall","start":[19,27],"end":[19,26],"oneway":false,"open":false,"color":0},{"class":"wall","start":[18,26],"end":[19,26],"oneway":false,"open":false,"color":2},{"class":"wall","start":[18,25],"end":[18,26],"oneway":false,"open":false,"color":2},{"class":"wall","start":[17,24],"end":[18,25],"oneway":false,"open":false,"color":0},{"class":"wall","start":[17,25],"end":[17,24],"oneway":false,"open":false,"color":2},{"class":"wall","start":[16,23],"end":[16,24],"oneway":false,"open":false,"color":0},{"class":"wall","start":[16,24],"end":[15,24],"oneway":false,"open":false,"color":0},{"class":"wall","start":[14,24],"end":[15,24],"oneway":false,"open":false,"color":0},{"class":"wall","start":[13,24],"end":[14,24],"oneway":false,"open":false,"color":0},{"class":"wall","start":[12,24],"end":[13,24],"oneway":false,"open":false,"color":0},{"class":"wall","start":[12,24],"end":[11,24],"oneway":false,"open":false,"color":0},{"class":"wall","start":[10,24],"end":[11,24],"oneway":false,"open":false,"color":2},{"class":"wall","start":[22,24],"end":[21,23],"oneway":true,"open":false,"color":0},{"class":"wall","start":[11,9],"end":[11,8],"oneway":false,"open":false,"color":0},{"class":"wall","start":[12,9],"end":[11,9],"oneway":false,"open":false,"color":0},{"class":"wall","start":[12,9],"end":[13,9],"oneway":false,"open":false,"color":0},{"class":"wall","start":[13,8],"end":[13,9],"oneway":false,"open":false,"color":0},{"class":"wall","start":[13,7],"end":[13,8],"oneway":false,"open":false,"color":0},{"class":"wall","start":[12,7],"end":[13,7],"oneway":false,"open":false,"color":0},{"class":"wall","start":[12,7],"end":[11,7],"oneway":false,"open":false,"color":0},{"class":"wall","start":[11,7],"end":[11,8],"oneway":false,"open":false,"color":0},{"class":"wall","start":[10,11],"end":[9,11],"oneway":false,"open":false,"color":0},{"class":"wall","start":[12,11],"end":[11,11],"oneway":false,"open":false,"color":0},{"class":"wall","start":[12,11],"end":[13,11],"oneway":false,"open":false,"color":0},{"class":"wall","start":[15,11],"end":[14,11],"oneway":false,"open":false,"color":0},{"class":"wall","start":[15,10],"end":[15,11],"oneway":false,"open":false,"color":0},{"class":"wall","start":[15,9],"end":[15,8],"oneway":false,"open":false,"color":2},{"class":"wall","start":[15,7],"end":[15,8],"oneway":false,"open":false,"color":1},{"class":"wall","start":[9,11],"end":[9,10],"oneway":false,"open":false,"color":0},{"class":"wall","start":[9,6],"end":[9,5],"oneway":false,"open":false,"color":0},{"class":"wall","start":[32,16],"end":[32,15],"oneway":false,"open":false,"color":0},{"class":"wall","start":[32,15],"end":[33,15],"oneway":false,"open":false,"color":0},{"class":"wall","start":[32,13],"end":[33,14],"oneway":false,"open":false,"color":0},{"class":"wall","start":[12,4],"end":[12,5],"oneway":false,"open":false,"color":0},{"class":"wall","start":[14,10],"end":[15,11],"oneway":false,"open":false,"color":0},{"class":"wall","start":[15,5],"end":[14,6],"oneway":false,"open":false,"color":0},{"class":"wall","start":[10,6],"end":[9,5],"oneway":false,"open":false,"color":2},{"class":"wall","start":[11,5],"end":[12,5],"oneway":true,"open":false,"color":0},{"class":"wall","start":[12,5],"end":[13,5],"oneway":true,"open":false,"color":0},{"class":"wall","start":[9,11],"end":[10,10],"oneway":false,"open":false,"color":1},{"class":"wall","start":[10,10],"end":[11,9],"oneway":false,"open":false,"color":1},{"class":"wall","start":[10,6],"end":[11,7],"oneway":false,"open":false,"color":2},{"class":"wall","start":[14,6],"end":[13,7],"oneway":false,"open":false,"color":0},{"class":"wall","start":[14,10],"end":[13,9],"oneway":false,"open":false,"color":0},{"class":"wall","start":[10,5],"end":[9,5],"oneway":false,"open":false,"color":0},{"class":"wall","start":[15,5],"end":[14,5],"oneway":true,"open":false,"color":0},{"class":"wall","start":[9,9],"end":[9,8],"oneway":true,"open":false,"color":0},{"class":"wall","start":[9,8],"end":[9,7],"oneway":true,"open":false,"color":0},{"class":"wall","start":[14,14],"end":[15,14],"oneway":true,"open":false,"color":0},{"class":"wall","start":[15,14],"end":[16,14],"oneway":true,"open":false,"color":0},{"class":"wall","start":[13,21],"end":[14,22],"oneway":false,"open":false,"color":0},{"class":"wall","start":[24,3],"end":[25,3],"oneway":false,"open":false,"color":1},{"class":"wall","start":[25,3],"end":[25,4],"oneway":false,"open":false,"color":1},{"class":"wall","start":[26,4],"end":[25,4],"oneway":false,"open":false,"color":1},{"class":"wall","start":[26,4],"end":[26,5],"oneway":false,"open":false,"color":1},{"class":"wall","start":[26,5],"end":[27,5],"oneway":false,"open":false,"color":1},{"class":"wall","start":[15,5],"end":[15,6],"oneway":true,"open":false,"color":0},{"class":"cog","pos":[9.50668,17.4699]},{"class":"cog","pos":[20.0028,20.9415]},{"class":"cog","pos":[24.9969,15.9609]},{"class":"cog","pos":[24.4489,23.4996]},{"class":"cog","pos":[11.9994,7.99989]},{"class":"button","type":0,"pos":[15.5074,4.53953],"walls":[294]},{"class":"button","type":0,"pos":[8.51594,4.49506],"walls":[298]},{"class":"button","type":0,"pos":[8.527,11.4551],"walls":[302]},{"class":"button","type":0,"pos":[15.5181,11.4551],"walls":[288,287,289,290,291,292,286,293]},{"class":"button","type":0,"pos":[12.492,13.4587],"walls":[54,52]},{"class":"button","type":0,"pos":[15.3842,28.478],"walls":[323]},{"class":"button","type":0,"pos":[13.3785,26.4736],"walls":[107,108]},{"class":"button","type":0,"pos":[32.611,15.9583],"walls":[12]},{"class":"button","type":0,"pos":[26.4448,25.4181],"walls":[304]},{"class":"enemy","type":"wall crawler","pos":[15.3264,17.4916],"color":0,"angle":0},{"class":"enemy","type":"grenadier","pos":[22.5484,22.0074],"color":2,"angle":0},{"class":"enemy","type":"grenadier","pos":[21.2,16.4857],"color":1,"angle":0},{"class":"enemy","type":"spike ball","pos":[6.1825,2.14465],"color":0,"angle":0},{"class":"enemy","type":"spike ball","pos":[6.79132,2.21229],"color":0,"angle":0},{"class":"enemy","type":"spike ball","pos":[7.2423,2.1672],"color":0,"angle":0},{"class":"enemy","type":"spike ball","pos":[7.60308,2.1672],"color":0,"angle":0},{"class":"enemy","type":"spike ball","pos":[8.14425,2.27994],"color":0,"angle":0},{"class":"enemy","type":"spike ball","pos":[8.66287,2.25739],"color":0,"angle":0},{"class":"enemy","type":"spike ball","pos":[9.22659,2.23484],"color":0,"angle":0},{"class":"enemy","type":"spike ball","pos":[9.65501,2.27994],"color":0,"angle":0},{"class":"enemy","type":"spike ball","pos":[10.0609,2.27994],"color":0,"angle":0},{"class":"enemy","type":"spike ball","pos":[10.5344,2.27994],"color":0,"angle":0},{"class":"enemy","type":"spike ball","pos":[13.3305,2.39268],"color":0,"angle":0},{"class":"enemy","type":"spike ball","pos":[13.8942,2.32504],"color":0,"angle":0},{"class":"enemy","type":"spike ball","pos":[14.3226,2.43778],"color":0,"angle":0},{"class":"enemy","type":"spike ball","pos":[15.202,2.30249],"color":0,"angle":0},{"class":"enemy","type":"spike ball","pos":[14.8187,2.34758],"color":0,"angle":0},{"class":"enemy","type":"spike ball","pos":[15.6981,2.39268],"color":0,"angle":0},{"class":"enemy","type":"spike ball","pos":[16.2392,2.25739],"color":0,"angle":0},{"class":"enemy","type":"spike ball","pos":[17.1412,2.34758],"color":0,"angle":0},{"class":"enemy","type":"spike ball","pos":[16.7128,2.32504],"color":0,"angle":0},{"class":"enemy","type":"spike ball","pos":[17.7049,2.37013],"color":0,"angle":0},{"class":"enemy","type":"rocket spider","pos":[21.4706,2.52797],"color":0,"angle":0},{"class":"enemy","type":"bomber","pos":[21.0187,10.0476],"color":0,"angle":0},{"class":"enemy","type":"jet stream","pos":[29.3849,24.3777],"color":0,"angle":3.9466},{"class":"enemy","type":"spike ball","pos":[27.3785,18.0434],"color":0,"angle":0},{"class":"enemy","type":"wall crawler","pos":[29.3554,10.2546],"color":0,"angle":0},{"class":"enemy","type":"spike ball","pos":[24.4743,27.2112],"color":0,"angle":0},{"class":"enemy","type":"wall crawler","pos":[14.7469,23.33],"color":0,"angle":0},{"class":"enemy","type":"hunter","pos":[9.24504,21.5036],"color":0,"angle":0},{"class":"enemy","type":"rocket spider","pos":[6.38989,14.4299],"color":0,"angle":0},{"class":"enemy","type":"wheeligator","pos":[16.904,23.5378],"color":0,"angle":0},{"class":"enemy","type":"spike ball","pos":[32.6394,11.3278],"color":0,"angle":0},{"class":"enemy","type":"spike ball","pos":[30.4389,10.7234],"color":0,"angle":0},{"class":"enemy","type":"spike ball","pos":[31.3209,14.9105],"color":0,"angle":0},{"class":"enemy","type":"multi gun","pos":[11.4653,11.5052],"color":0,"angle":0},{"class":"enemy","type":"rocket spider","pos":[11.5243,2.48433],"color":0,"angle":6.26604},{"class":"enemy","type":"rocket spider","pos":[12.5367,2.44885],"color":0,"angle":0},{"class":"enemy","type":"spike ball","pos":[16.5183,8.36196],"color":0,"angle":0},{"class":"enemy","type":"spike ball","pos":[7.48899,8.34422],"color":0,"angle":0},{"class":"enemy","type":"wall crawler","pos":[11.3207,7.40403],"color":0,"angle":0},{"class":"enemy","type":"wall crawler","pos":[12.6689,8.73449],"color":0,"angle":3.11779},{"class":"enemy","type":"grenadier","pos":[12.9759,10.0823],"color":1,"angle":0},{"class":"enemy","type":"multi gun","pos":[21.6678,27.2362],"color":0,"angle":0},{"class":"enemy","type":"popper","pos":[26.22,5.62],"color":0,"angle":0},{"class":"enemy","type":"spike ball","pos":[26.593,6.8769],"color":0,"angle":0},{"class":"enemy","type":"spike ball","pos":[24.273,7.6969],"color":0,"angle":0},{"class":"enemy","type":"spike ball","pos":[30.293,20.8769],"color":0,"angle":0}],"cells":[[1,1,1,1,1,1,1,1,1,1,1,1,1,1,1,1,1,1,1,1,1,1,1,1,1,1,1,1,1,1,1,1,1,1,1,1,1,1,1,1],[1,1,1,1,1,1,1,1,1,1,1,1,1,1,1,1,1,1,1,1,1,1,1,1,1,1,1,1,1,1,1,1,1,1,1,1,1,1,1,1],[1,1,1,1,1,1,0,0,0,0,0,0,0,0,0,0,0,0,0,0,0,0,0,0,3,1,1,1,1,1,1,1,1,1,1,1,1,1,1,1],[1,1,1,1,1,1,0,1,5,4,0,0,0,0,5,4,1,0,0,0,0,0,0,0,0,3,1,1,1,1,1,1,1,1,1,1,1,1,1,1],[1,1,1,1,1,1,0,5,0,3,4,0,0,5,2,0,4,0,0,0,0,0,0,0,0,0,3,1,1,1,1,1,1,1,1,1,1,1,1,1],[1,1,1,1,1,1,0,3,4,0,0,0,0,0,0,5,2,0,0,0,0,0,0,0,0,0,0,3,1,1,1,1,1,1,1,1,1,1,1,1],[1,1,1,1,1,1,0,0,3,0,0,0,0,0,0,2,0,0,0,0,0,0,0,0,0,0,0,0,3,1,1,1,1,1,1,1,1,1,1,1],[1,1,1,1,1,1,0,0,0,0,0,0,0,0,0,0,0,0,0,0,0,0,0,0,0,0,0,0,0,3,1,1,1,1,1,1,1,1,1,1],[1,1,1,1,1,1,0,0,0,0,0,0,0,0,0,0,0,0,0,0,0,0,0,0,0,0,0,0,0,0,3,1,1,1,1,1,1,1,1,1],[1,1,1,1,1,1,0,0,5,0,0,0,0,0,0,4,0,0,0,0,0,0,0,0,0,0,0,0,0,0,0,3,1,1,1,1,1,1,1,1],[1,1,1,1,1,1,0,5,2,0,0,0,0,0,0,3,4,0,0,0,5,4,0,0,0,0,0,0,0,0,0,0,3,1,1,1,1,1,1,1],[1,1,1,1,1,1,0,3,0,5,2,0,0,3,4,0,2,0,0,0,3,2,0,0,0,0,0,0,0,0,0,0,0,1,1,1,1,1,1,1],[1,1,1,1,1,1,0,1,3,2,0,0,0,0,3,2,1,0,0,0,0,0,0,0,0,0,0,0,4,0,0,0,0,1,1,1,1,1,1,1],[1,1,1,1,1,1,0,0,0,0,0,0,0,0,0,0,0,0,0,0,0,0,0,0,0,0,0,4,3,4,0,0,0,1,1,1,1,1,1,1],[1,1,1,1,1,1,0,0,0,0,0,0,0,0,0,0,0,0,0,0,0,0,0,0,0,0,0,3,4,3,4,0,0,1,1,1,1,1,1,1],[1,1,1,1,1,1,0,5,4,0,0,0,0,0,0,0,0,0,0,0,0,0,0,0,0,0,0,0,3,4,3,4,0,1,1,1,1,1,1,1],[1,1,1,1,1,1,0,3,1,0,4,0,0,0,0,0,0,0,0,0,0,0,0,0,0,0,0,0,4,3,4,3,4,1,1,1,1,1,1,1],[1,1,1,1,1,1,0,0,1,0,1,0,0,0,0,0,0,0,0,0,0,0,0,0,0,0,0,0,3,4,3,4,3,1,1,1,1,1,1,1],[1,1,1,1,1,1,0,0,3,1,2,0,0,0,0,0,0,0,0,0,0,0,0,0,0,0,0,0,0,3,4,3,0,1,1,1,1,1,1,1],[1,1,1,1,1,1,0,0,0,0,0,0,0,0,0,0,0,0,0,0,0,0,0,0,0,0,0,0,0,0,3,4,0,1,1,1,1,1,1,1],[1,1,1,1,1,1,4,0,0,0,0,0,0,0,0,0,0,0,0,0,0,0,0,0,0,0,0,0,0,0,0,3,4,1,1,1,1,1,1,1],[1,1,1,1,1,1,1,4,0,0,0,0,0,0,0,0,0,0,0,0,0,0,0,0,0,0,0,0,1,4,0,0,3,1,1,1,1,1,1,1],[1,1,1,1,1,1,1,1,4,0,0,0,0,0,0,0,0,0,0,0,0,0,0,0,0,0,0,0,3,1,4,0,0,1,1,1,1,1,1,1],[1,1,1,1,1,1,1,1,1,4,0,0,0,0,0,0,0,0,0,0,0,0,0,0,0,0,0,0,0,3,1,4,0,1,1,1,1,1,1,1],[1,1,1,1,1,1,1,1,1,1,4,0,0,0,0,0,0,0,3,1,1,1,1,1,1,4,0,0,0,0,3,1,4,1,1,1,1,1,1,1],[1,1,1,1,1,1,1,1,1,1,1,1,1,1,1,1,1,4,0,0,0,0,0,0,0,0,0,0,0,0,0,3,1,1,1,1,1,1,1,1],[1,1,1,1,1,1,1,1,1,1,1,1,4,0,0,0,0,0,0,0,3,1,1,1,1,1,1,4,0,0,0,0,3,1,1,1,1,1,1,1],[1,1,1,1,1,1,1,1,1,1,1,1,1,1,1,1,1,1,1,4,0,0,0,0,0,0,0,0,0,0,0,0,0,1,1,1,1,1,1,1],[1,1,1,1,1,1,1,1,1,1,1,1,1,1,4,0,0,0,0,0,0,0,0,0,0,0,0,0,0,0,0,0,0,1,1,1,1,1,1,1],[1,1,1,1,1,1,1,1,1,1,1,1,1,1,1,1,1,1,1,1,1,1,1,1,1,1,1,1,1,1,1,1,1,1,1,1,1,1,1,1],[1,1,1,1,1,1,1,1,1,1,1,1,1,1,1,1,1,1,1,1,1,1,1,1,1,1,1,1,1,1,1,1,1,1,1,1,1,1,1,1],[1,1,1,1,1,1,1,1,1,1,1,1,1,1,1,1,1,1,1,1,1,1,1,1,1,1,1,1,1,1,1,1,1,1,1,1,1,1,1,1]]}
