{"unique_id":1626464894,"width":24,"height":32,"start":[14,9],"end":[11,24],"entities":[{"class":"wall","start":[9,10],"end":[10,11],"oneway":true,"open":false,"color":0},{"class":"wall","start":[10,11],"end":[9,12],"oneway":true,"open":false,"color":0},{"class":"wall","start":[9,12],"end":[8,11],"oneway":true,"open":false,"color":0},{"class":"wall","start":[8,11],"end":[9,10],"oneway":true,"open":false,"color":0},{"class":"wall","start":[21,12],"end":[22,13],"oneway":true,"open":false,"color":0},{"class":"wall","start":[22,13],"end":[21,14],"oneway":true,"open":false,"color":0},{"class":"wall","start":[21,14],"end":[20,13],"oneway":true,"open":false,"color":0},{"class":"wall","start":[20,13],"end":[21,12],"oneway":true,"open":false,"color":0},{"class":"wall","start":[9,14],"end":[10,15],"oneway":true,"open":false,"color":0},{"class":"wall","start":[8,15],"end":[9,14],"oneway":true,"open":false,"color":0},{"class":"wall","start":[9,16],"end":[8,15],"oneway":true,"open":false,"color":0},{"class":"wall","start":[10,15],"end":[9,16],"oneway":true,"open":false,"color":0},{"class":"wall","start":[22,17],"end":[21,18],"oneway":true,"open":false,"color":0},{"class":"wall","start":[21,18],"end":[20,17],"oneway":true,"open":false,"color":0},{"class":"wall","start":[21,16],"end":[22,17],"oneway":true,"open":false,"color":0},{"class":"wall","start":[20,17],"end":[21,16],"oneway":true,"open":false,"color":0},{"class":"wall","start":[14,10],"end":[13,10],"oneway":false,"open":false,"color":0},{"class":"wall","start":[14,10],"end":[13,10],"oneway":false,"open":false,"color":0},{"class":"wall","start":[15,10],"end":[14,10],"oneway":false,"open":false,"color":0},{"class":"wall","start":[15,10],"end":[16,10],"oneway":false,"open":false,"color":0},{"class":"wall","start":[17,14],"end":[16,14],"oneway":false,"open":false,"color":0},{"class":"wall","start":[17,14],"end":[18,14],"oneway":false,"open":false,"color":0},{"class":"wall","start":[18,14],"end":[19,14],"oneway":false,"open":false,"color":0},{"class":"wall","start":[12,18],"end":[13,18],"oneway":false,"open":false,"color":0},{"class":"wall","start":[12,18],"end":[11,18],"oneway":false,"open":false,"color":0},{"class":"wall","start":[10,18],"end":[11,18],"oneway":false,"open":false,"color":0},{"class":"cog","pos":[6.53334,28.4695]},{"class":"cog","pos":[8.22439,14.1959]},{"class":"cog","pos":[21.7242,16.1449]},{"class":"enemy","type":"doom magnet","pos":[11.4697,10.985],"color":0,"angle":0},{"class":"enemy","type":"doom magnet","pos":[11.4383,7.1059],"color":0,"angle":0},{"class":"enemy","type":"doom magnet","pos":[18.0064,7.07724],"color":0,"angle":0},{"class":"enemy","type":"doom magnet","pos":[18.0253,10.912],"color":0,"angle":0},{"class":"enemy","type":"jet stream","pos":[12.6099,18.6546],"color":0,"angle":1.63023},{"class":"enemy","type":"jet stream","pos":[10.5252,18.6546],"color":0,"angle":1.63023}],"cells":[[1,1,1,1,1,1,1,1,1,1,1,1,1,1,1,1,1,1,1,1,1,1,1,1],[1,1,1,1,1,1,1,1,1,1,1,1,1,1,1,1,1,1,1,1,1,1,1,1],[1,1,1,1,1,1,1,1,1,1,1,1,1,1,1,1,1,1,1,1,1,1,1,1],[1,1,1,1,1,1,1,1,1,1,1,1,1,1,1,1,1,1,1,1,1,1,1,1],[1,1,1,1,1,1,1,1,1,1,1,1,1,1,1,1,1,1,1,1,1,1,1,1],[1,1,1,1,1,1,1,1,1,1,1,1,1,1,1,1,1,1,1,1,1,1,1,1],[1,1,1,1,1,1,1,0,0,0,0,0,0,0,0,0,0,0,0,0,0,0,0,1],[1,1,1,1,1,1,1,0,0,0,0,0,0,0,0,0,0,0,0,0,0,0,0,1],[1,1,1,1,1,1,1,0,0,0,0,0,0,0,0,0,0,0,0,0,0,0,0,1],[1,1,1,1,1,1,1,0,0,0,0,0,0,0,0,0,0,0,0,0,0,0,0,1],[1,1,1,1,1,1,1,0,0,0,0,0,0,0,0,0,0,0,0,0,0,0,0,1],[1,1,1,1,1,1,1,0,0,0,0,0,0,0,0,0,0,0,0,0,0,0,0,1],[1,1,1,1,1,1,1,0,0,0,0,0,0,0,0,0,0,0,0,0,0,0,0,1],[1,1,1,1,1,1,1,0,0,0,0,0,0,0,0,0,0,0,0,0,0,0,0,1],[1,1,1,1,1,1,1,0,0,0,0,0,0,0,0,0,0,0,0,0,0,0,0,1],[1,1,1,1,1,1,1,0,0,0,0,0,0,0,0,0,0,0,0,0,0,0,0,1],[1,1,1,1,1,1,1,0,0,0,0,0,0,0,0,0,0,0,0,0,0,0,0,1],[1,1,1,1,1,1,1,0,0,0,0,0,0,0,0,0,0,0,0,0,0,0,0,1],[1,1,1,1,1,1,1,0,0,0,0,0,0,0,0,0,0,0,0,0,0,0,0,1],[1,1,1,1,1,1,1,0,0,0,0,0,0,0,0,0,0,0,0,0,0,0,0,1],[1,1,1,1,1,1,1,0,0,0,0,0,0,0,0,0,0,0,0,0,0,0,0,1],[1,1,1,1,1,1,1,0,0,0,0,0,0,0,0,0,0,0,0,0,0,0,0,1],[1,1,1,1,1,1,1,0,0,0,0,0,0,0,0,0,0,0,0,0,0,0,0,1],[1,1,1,1,1,1,1,0,0,0,0,0,0,0,0,0,0,0,0,0,0,0,0,1],[1,1,1,1,1,1,1,0,0,0,0,0,0,0,0,0,0,0,0,0,0,0,0,1],[1,1,1,1,1,1,1,0,0,0,0,0,0,0,0,0,0,0,0,0,0,0,0,1],[1,1,1,1,1,1,1,0,0,0,0,0,0,0,0,0,0,0,0,0,0,0,0,1],[1,1,1,1,1,1,1,0,0,0,0,0,0,0,0,0,0,0,0,0,0,0,0,1],[1,1,1,1,1,1,0,0,0,1,1,1,1,1,1,1,1,1,1,1,1,1,1,1],[1,1,1,1,1,1,0,0,0,1,1,1,1,1,1,1,1,1,1,1,1,1,1,1],[1,1,1,1,1,1,1,1,1,1,1,1,1,1,1,1,1,1,1,1,1,1,1,1],[1,1,1,1,1,1,1,1,1,1,1,1,1,1,1,1,1,1,1,1,1,1,1,1]]}
