{"unique_id":352324403,"width":16,"height":32,"start":[1,3],"end":[13,24],"entities":[{"class":"wall","start":[9,4],"end":[9,3],"oneway":false,"open":false,"color":0},{"class":"wall","start":[10,4],"end":[9,4],"oneway":false,"open":false,"color":0},{"class":"wall","start":[10,5],"end":[10,4],"oneway":false,"open":false,"color":0},{"class":"wall","start":[10,6],"end":[10,5],"oneway":false,"open":false,"color":0},{"class":"wall","start":[10,6],"end":[11,6],"oneway":false,"open":false,"color":0},{"class":"wall","start":[7,3],"end":[7,4],"oneway":false,"open":false,"color":0},{"class":"wall","start":[7,4],"end":[7,5],"oneway":false,"open":false,"color":0},{"class":"wall","start":[7,6],"end":[7,7],"oneway":false,"open":false,"color":0},{"class":"wall","start":[7,7],"end":[8,7],"oneway":false,"open":false,"color":0},{"class":"wall","start":[8,6],"end":[8,7],"oneway":false,"open":false,"color":0},{"class":"wall","start":[8,5],"end":[8,6],"oneway":false,"open":false,"color":0},{"class":"wall","start":[8,3],"end":[8,4],"oneway":false,"open":false,"color":0},{"class":"wall","start":[4,4],"end":[3,4],"oneway":false,"open":false,"color":0},{"class":"wall","start":[3,4],"end":[3,3],"oneway":false,"open":false,"color":0},{"class":"wall","start":[4,3],"end":[3,3],"oneway":false,"open":false,"color":0},{"class":"wall","start":[5,3],"end":[4,3],"oneway":false,"open":false,"color":0},{"class":"wall","start":[5,3],"end":[5,4],"oneway":false,"open":false,"color":0},{"class":"wall","start":[4,5],"end":[4,4],"oneway":false,"open":false,"color":0},{"class":"wall","start":[5,5],"end":[4,5],"oneway":false,"open":false,"color":0},{"class":"wall","start":[5,5],"end":[6,5],"oneway":false,"open":false,"color":0},{"class":"wall","start":[5,4],"end":[6,4],"oneway":false,"open":false,"color":0},{"class":"wall","start":[9,10],"end":[10,10],"oneway":false,"open":false,"color":0},{"class":"wall","start":[9,9],"end":[9,10],"oneway":false,"open":false,"color":0},{"class":"wall","start":[9,9],"end":[9,8],"oneway":false,"open":false,"color":0},{"class":"wall","start":[9,8],"end":[10,8],"oneway":false,"open":false,"color":0},{"class":"wall","start":[10,8],"end":[11,8],"oneway":false,"open":false,"color":0},{"class":"wall","start":[11,8],"end":[11,9],"oneway":false,"open":false,"color":0},{"class":"wall","start":[11,10],"end":[11,9],"oneway":false,"open":false,"color":0},{"class":"wall","start":[11,10],"end":[10,10],"oneway":false,"open":false,"color":0},{"class":"wall","start":[7,12],"end":[7,11],"oneway":false,"open":false,"color":0},{"class":"wall","start":[7,10],"end":[7,11],"oneway":false,"open":false,"color":0},{"class":"wall","start":[6,10],"end":[7,10],"oneway":false,"open":false,"color":0},{"class":"wall","start":[6,11],"end":[6,10],"oneway":false,"open":false,"color":0},{"class":"wall","start":[6,12],"end":[5,12],"oneway":false,"open":false,"color":0},{"class":"wall","start":[7,12],"end":[6,12],"oneway":false,"open":false,"color":0},{"class":"wall","start":[6,11],"end":[5,11],"oneway":false,"open":false,"color":0},{"class":"wall","start":[4,11],"end":[5,11],"oneway":false,"open":false,"color":0},{"class":"wall","start":[4,11],"end":[4,12],"oneway":false,"open":false,"color":0},{"class":"wall","start":[5,12],"end":[4,12],"oneway":false,"open":false,"color":0},{"class":"wall","start":[3,12],"end":[3,11],"oneway":false,"open":false,"color":0},{"class":"wall","start":[3,10],"end":[3,11],"oneway":false,"open":false,"color":0},{"class":"wall","start":[3,10],"end":[2,10],"oneway":false,"open":false,"color":0},{"class":"wall","start":[2,11],"end":[2,10],"oneway":false,"open":false,"color":0},{"class":"wall","start":[1,11],"end":[2,11],"oneway":false,"open":false,"color":0},{"class":"wall","start":[1,12],"end":[1,11],"oneway":false,"open":false,"color":0},{"class":"wall","start":[1,13],"end":[1,12],"oneway":false,"open":false,"color":0},{"class":"wall","start":[2,13],"end":[1,13],"oneway":false,"open":false,"color":0},{"class":"wall","start":[2,13],"end":[2,12],"oneway":false,"open":false,"color":0},{"class":"wall","start":[3,12],"end":[2,12],"oneway":false,"open":false,"color":0},{"class":"wall","start":[3,15],"end":[3,14],"oneway":false,"open":false,"color":0},{"class":"wall","start":[3,15],"end":[3,16],"oneway":false,"open":false,"color":0},{"class":"wall","start":[4,16],"end":[3,16],"oneway":false,"open":false,"color":0},{"class":"wall","start":[4,16],"end":[5,16],"oneway":false,"open":false,"color":0},{"class":"wall","start":[5,16],"end":[5,15],"oneway":false,"open":false,"color":0},{"class":"wall","start":[5,14],"end":[5,15],"oneway":false,"open":false,"color":0},{"class":"wall","start":[5,14],"end":[4,14],"oneway":false,"open":false,"color":0},{"class":"wall","start":[3,14],"end":[4,14],"oneway":false,"open":false,"color":0},{"class":"wall","start":[6,16],"end":[6,17],"oneway":false,"open":false,"color":0},{"class":"wall","start":[6,17],"end":[7,17],"oneway":false,"open":false,"color":0},{"class":"wall","start":[7,16],"end":[6,16],"oneway":false,"open":false,"color":0},{"class":"wall","start":[7,16],"end":[8,16],"oneway":false,"open":false,"color":0},{"class":"wall","start":[7,17],"end":[7,18],"oneway":false,"open":false,"color":0},{"class":"wall","start":[7,19],"end":[7,18],"oneway":false,"open":false,"color":0},{"class":"wall","start":[8,19],"end":[7,19],"oneway":false,"open":false,"color":0},{"class":"wall","start":[8,18],"end":[8,19],"oneway":false,"open":false,"color":0},{"class":"wall","start":[8,17],"end":[8,18],"oneway":false,"open":false,"color":0},{"class":"wall","start":[8,17],"end":[8,16],"oneway":false,"open":false,"color":0},{"class":"wall","start":[3,19],"end":[3,20],"oneway":false,"open":false,"color":0},{"class":"wall","start":[4,19],"end":[3,19],"oneway":false,"open":false,"color":0},{"class":"wall","start":[4,19],"end":[5,19],"oneway":false,"open":false,"color":0},{"class":"wall","start":[5,20],"end":[5,19],"oneway":false,"open":false,"color":0},{"class":"wall","start":[5,20],"end":[4,20],"oneway":false,"open":false,"color":0},{"class":"wall","start":[4,21],"end":[4,20],"oneway":false,"open":false,"color":0},{"class":"wall","start":[4,21],"end":[3,21],"oneway":false,"open":false,"color":0},{"class":"wall","start":[2,21],"end":[3,21],"oneway":false,"open":false,"color":0},{"class":"wall","start":[2,21],"end":[2,20],"oneway":false,"open":false,"color":0},{"class":"wall","start":[3,20],"end":[2,20],"oneway":false,"open":false,"color":0},{"class":"wall","start":[1,23],"end":[2,23],"oneway":true,"open":false,"color":0},{"class":"wall","start":[2,23],"end":[3,23],"oneway":true,"open":false,"color":0},{"class":"wall","start":[3,23],"end":[4,23],"oneway":true,"open":false,"color":0},{"class":"wall","start":[4,23],"end":[5,23],"oneway":true,"open":false,"color":0},{"class":"wall","start":[10,23],"end":[11,23],"oneway":true,"open":false,"color":0},{"class":"wall","start":[9,23],"end":[10,23],"oneway":true,"open":false,"color":0},{"class":"wall","start":[8,23],"end":[9,23],"oneway":true,"open":false,"color":0},{"class":"wall","start":[7,23],"end":[8,23],"oneway":true,"open":false,"color":0},{"class":"wall","start":[6,23],"end":[7,23],"oneway":true,"open":false,"color":0},{"class":"wall","start":[5,23],"end":[6,23],"oneway":true,"open":false,"color":0},{"class":"wall","start":[5,4],"end":[6,4],"oneway":false,"open":false,"color":0},{"class":"wall","start":[6,5],"end":[6,4],"oneway":false,"open":false,"color":0},{"class":"wall","start":[8,4],"end":[8,5],"oneway":true,"open":false,"color":0},{"class":"wall","start":[7,5],"end":[7,6],"oneway":true,"open":false,"color":0},{"class":"wall","start":[5,3],"end":[6,3],"oneway":false,"open":false,"color":0},{"class":"wall","start":[6,3],"end":[7,3],"oneway":false,"open":false,"color":0},{"class":"wall","start":[7,3],"end":[8,3],"oneway":false,"open":false,"color":0},{"class":"wall","start":[10,3],"end":[9,3],"oneway":false,"open":false,"color":0},{"class":"wall","start":[10,3],"end":[11,3],"oneway":false,"open":false,"color":0},{"class":"wall","start":[11,4],"end":[11,3],"oneway":false,"open":false,"color":0},{"class":"wall","start":[11,5],"end":[11,4],"oneway":false,"open":false,"color":0},{"class":"wall","start":[11,5],"end":[11,6],"oneway":false,"open":false,"color":0},{"class":"wall","start":[7,6],"end":[6,6],"oneway":false,"open":false,"color":0},{"class":"wall","start":[10,16],"end":[10,17],"oneway":false,"open":false,"color":0},{"class":"wall","start":[10,17],"end":[11,17],"oneway":false,"open":false,"color":0},{"class":"wall","start":[10,16],"end":[10,15],"oneway":false,"open":false,"color":0},{"class":"wall","start":[10,14],"end":[10,15],"oneway":false,"open":false,"color":0},{"class":"wall","start":[10,13],"end":[10,14],"oneway":false,"open":false,"color":0},{"class":"wall","start":[10,13],"end":[11,13],"oneway":false,"open":false,"color":0},{"class":"wall","start":[11,13],"end":[11,14],"oneway":false,"open":false,"color":0},{"class":"wall","start":[11,14],"end":[11,15],"oneway":false,"open":false,"color":0},{"class":"wall","start":[11,15],"end":[11,16],"oneway":false,"open":false,"color":0},{"class":"wall","start":[11,17],"end":[11,16],"oneway":false,"open":false,"color":0},{"class":"wall","start":[6,5],"end":[6,6],"oneway":false,"open":false,"color":0},{"class":"cog","pos":[2.50988,19.4395]},{"class":"cog","pos":[10.5139,20.9409]},{"class":"cog","pos":[6.29691,5.60992]},{"class":"enemy","type":"wall crawler","pos":[5.51083,12.4499],"color":0,"angle":0},{"class":"enemy","type":"wall crawler","pos":[3.97752,16.4862],"color":0,"angle":0},{"class":"enemy","type":"wall crawler","pos":[7.99041,15.6262],"color":0,"angle":3.13747},{"class":"enemy","type":"wall crawler","pos":[9.31797,4.38739],"color":0,"angle":0},{"class":"enemy","type":"grenadier","pos":[1.97761,21.9646],"color":1,"angle":0},{"class":"enemy","type":"grenadier","pos":[10.0235,21.9646],"color":2,"angle":0},{"class":"enemy","type":"wall crawler","pos":[4.08375,22.6742],"color":0,"angle":3.15799},{"class":"enemy","type":"wall avoider","pos":[3.9592,14.9456],"color":1,"angle":0},{"class":"enemy","type":"hunter","pos":[6.63361,5.40733],"color":0,"angle":0},{"class":"enemy","type":"wall avoider","pos":[9.97605,8.98627],"color":1,"angle":0}],"cells":[[1,1,1,1,1,1,1,1,1,1,1,1,1,1,1,1],[1,1,1,1,1,1,1,1,1,1,1,1,1,1,1,1],[1,1,1,1,1,1,1,1,1,1,1,1,1,1,1,1],[1,0,0,0,0,0,0,0,0,0,0,1,1,1,1,1],[1,0,0,0,0,0,0,0,0,0,0,1,1,1,1,1],[1,0,0,0,0,0,0,0,0,0,0,1,1,1,1,1],[1,0,0,0,0,0,0,0,0,0,0,1,1,1,1,1],[1,0,0,0,0,0,0,0,0,0,0,1,1,1,1,1],[1,0,0,0,0,0,0,0,0,0,0,1,1,1,1,1],[1,0,0,0,0,0,0,0,0,0,0,1,1,1,1,1],[1,0,0,0,0,0,0,0,0,0,0,1,1,1,1,1],[1,0,0,0,0,0,0,0,0,0,0,1,1,1,1,1],[1,0,0,0,0,0,0,0,0,0,0,1,1,1,1,1],[1,0,0,0,0,0,0,0,0,0,0,1,1,1,1,1],[1,0,0,0,0,0,0,0,0,0,0,1,1,1,1,1],[1,0,0,0,0,0,0,0,0,0,0,1,1,1,1,1],[1,0,0,0,0,0,0,0,0,0,0,1,1,1,1,1],[1,0,0,0,0,0,0,0,0,0,0,1,1,1,1,1],[1,0,0,0,0,0,0,0,0,0,0,1,1,1,1,1],[1,0,0,0,0,0,0,0,0,0,0,1,1,1,1,1],[1,0,0,0,0,0,0,0,0,0,0,1,1,1,1,1],[1,0,0,0,0,0,0,0,0,0,0,1,1,1,1,1],[1,0,0,0,0,0,0,0,0,0,0,1,1,1,1,1],[1,0,0,0,0,0,0,0,0,0,0,1,1,1,1,1],[1,0,0,0,0,0,0,0,0,0,0,0,0,0,1,1],[1,1,1,1,1,1,1,1,1,1,1,1,1,1,1,1],[1,1,1,1,1,1,1,1,1,1,1,1,1,1,1,1],[1,1,1,1,1,1,1,1,1,1,1,1,1,1,1,1],[1,1,1,1,1,1,1,1,1,1,1,1,1,1,1,1],[1,1,1,1,1,1,1,1,1,1,1,1,1,1,1,1],[1,1,1,1,1,1,1,1,1,1,1,1,1,1,1,1],[1,1,1,1,1,1,1,1,1,1,1,1,1,1,1,1]]}
