{"unique_id":895496639,"width":56,"height":16,"start":[16,6],"end":[1,0],"entities":[{"class":"wall","start":[19,10],"end":[20,9],"oneway":true,"open":false,"color":0},{"class":"wall","start":[26,10],"end":[25,9],"oneway":true,"open":false,"color":0},{"class":"wall","start":[26,3],"end":[25,4],"oneway":true,"open":false,"color":0},{"class":"wall","start":[19,3],"end":[20,4],"oneway":true,"open":false,"color":0},{"class":"wall","start":[21,6],"end":[21,7],"oneway":true,"open":false,"color":2},{"class":"wall","start":[22,8],"end":[23,8],"oneway":true,"open":false,"color":1},{"class":"wall","start":[24,7],"end":[24,6],"oneway":true,"open":false,"color":2},{"class":"wall","start":[23,5],"end":[22,5],"oneway":true,"open":false,"color":1},{"class":"wall","start":[16,7],"end":[16,6],"oneway":false,"open":false,"color":0},{"class":"wall","start":[49,2],"end":[48,1],"oneway":false,"open":false,"color":2},{"class":"wall","start":[48,1],"end":[47,0],"oneway":false,"open":false,"color":2},{"class":"wall","start":[51,2],"end":[52,1],"oneway":false,"open":false,"color":2},{"class":"wall","start":[52,1],"end":[53,0],"oneway":false,"open":false,"color":2},{"class":"wall","start":[48,12],"end":[49,11],"oneway":false,"open":false,"color":1},{"class":"wall","start":[48,12],"end":[47,13],"oneway":false,"open":false,"color":1},{"class":"wall","start":[53,13],"end":[52,12],"oneway":false,"open":false,"color":1},{"class":"wall","start":[52,12],"end":[51,11],"oneway":false,"open":false,"color":1},{"class":"wall","start":[14,7],"end":[14,6],"oneway":false,"open":false,"color":0},{"class":"cog","pos":[22.4816,6.4868]},{"class":"cog","pos":[51.9887,6.49805]},{"class":"cog","pos":[1.47429,12.4519]},{"class":"button","type":0,"pos":[49.9956,12.0104],"walls":[8]},{"class":"button","type":0,"pos":[49.9981,0.99578],"walls":[17]},{"class":"enemy","type":"stalacbat","pos":[31.297,12.7201],"color":1,"angle":0},{"class":"enemy","type":"stalacbat","pos":[31.7255,12.7304],"color":1,"angle":0},{"class":"enemy","type":"stalacbat","pos":[32.2346,12.7343],"color":1,"angle":0},{"class":"enemy","type":"stalacbat","pos":[32.6816,12.7459],"color":1,"angle":0},{"class":"enemy","type":"stalacbat","pos":[31.9898,12.7343],"color":1,"angle":0},{"class":"enemy","type":"stalacbat","pos":[31.5196,12.7265],"color":1,"angle":0},{"class":"enemy","type":"stalacbat","pos":[32.4639,12.7304],"color":1,"angle":0},{"class":"enemy","type":"stalacbat","pos":[35.232,12.7561],"color":2,"angle":0},{"class":"enemy","type":"stalacbat","pos":[35.7466,12.7719],"color":2,"angle":0},{"class":"enemy","type":"stalacbat","pos":[36.2613,12.7561],"color":2,"angle":0},{"class":"enemy","type":"stalacbat","pos":[36.7206,12.764],"color":2,"angle":0},{"class":"enemy","type":"stalacbat","pos":[36.483,12.764],"color":2,"angle":0},{"class":"enemy","type":"stalacbat","pos":[35.9921,12.764],"color":2,"angle":0},{"class":"enemy","type":"stalacbat","pos":[35.4933,12.764],"color":2,"angle":0},{"class":"enemy","type":"spike ball","pos":[31.3203,0.347793],"color":0,"angle":0},{"class":"enemy","type":"spike ball","pos":[31.9948,0.347793],"color":0,"angle":0},{"class":"enemy","type":"spike ball","pos":[32.6601,0.352413],"color":0,"angle":0},{"class":"enemy","type":"spike ball","pos":[35.3351,0.338553],"color":0,"angle":0},{"class":"enemy","type":"spike ball","pos":[35.9957,0.352413],"color":0,"angle":0},{"class":"enemy","type":"spike ball","pos":[36.6518,0.347793],"color":0,"angle":0},{"class":"enemy","type":"spike ball","pos":[39.342,0.321737],"color":0,"angle":0},{"class":"enemy","type":"spike ball","pos":[39.9978,0.330844],"color":0,"angle":0},{"class":"enemy","type":"spike ball","pos":[40.6535,0.339952],"color":0,"angle":0},{"class":"enemy","type":"spike ball","pos":[43.3493,0.339952],"color":0,"angle":0},{"class":"enemy","type":"spike ball","pos":[44.0051,0.339952],"color":0,"angle":0},{"class":"enemy","type":"spike ball","pos":[44.6608,0.349059],"color":0,"angle":0},{"class":"enemy","type":"hunter","pos":[21.4492,6.51069],"color":0,"angle":0},{"class":"enemy","type":"hunter","pos":[22.5038,7.48892],"color":0,"angle":0},{"class":"enemy","type":"hunter","pos":[23.4973,6.48012],"color":0,"angle":0},{"class":"enemy","type":"hunter","pos":[22.4885,5.51717],"color":0,"angle":0},{"class":"enemy","type":"hunter","pos":[31.9787,11.9589],"color":0,"angle":0},{"class":"enemy","type":"hunter","pos":[35.9818,12.013],"color":0,"angle":0},{"class":"enemy","type":"bomber","pos":[40.0045,12.5749],"color":0,"angle":0},{"class":"enemy","type":"bomber","pos":[43.9882,12.5274],"color":0,"angle":0},{"class":"enemy","type":"wall crawler","pos":[2.48927,12.2706],"color":0,"angle":0},{"class":"enemy","type":"wall crawler","pos":[12.5007,0.737561],"color":0,"angle":3.1396},{"class":"enemy","type":"hunter","pos":[7.48677,9.46197],"color":0,"angle":0},{"class":"enemy","type":"hunter","pos":[4.46813,6.48527],"color":0,"angle":0},{"class":"enemy","type":"wall crawler","pos":[4.78303,7.76629],"color":0,"angle":2.35959},{"class":"enemy","type":"wall crawler","pos":[10.2552,5.24488],"color":0,"angle":5.50858},{"class":"enemy","type":"wall crawler","pos":[6.70718,8.74724],"color":0,"angle":5.56536},{"class":"enemy","type":"wall crawler","pos":[8.27711,4.29546],"color":0,"angle":2.32486}],"cells":[[1,0,0,0,0,0,0,0,0,0,0,0,0,0,1,1,0,0,0,0,0,0,0,0,0,0,0,0,0,1,1,0,0,1,1,0,0,1,1,0,0,1,1,0,0,1,1,0,0,0,0,0,0,1,1,1],[1,0,5,1,1,4,0,0,0,0,0,5,1,0,1,1,0,1,4,0,5,1,0,1,4,0,5,1,0,1,1,0,0,1,1,0,0,1,1,0,0,1,1,0,0,1,1,0,0,0,0,0,0,1,1,1],[1,0,1,2,3,1,0,0,0,0,5,1,2,0,1,1,0,3,1,0,1,2,0,3,1,0,1,2,0,1,1,0,0,1,1,0,0,1,1,0,0,1,1,0,0,1,1,0,0,1,1,0,0,1,1,1],[1,0,1,4,5,1,0,0,0,5,1,2,0,0,1,1,0,0,0,0,0,0,0,0,0,0,0,0,0,1,1,0,0,0,0,0,0,1,1,0,0,0,0,0,0,1,1,0,0,1,1,0,0,1,1,1],[1,0,3,1,1,2,0,0,5,1,2,0,0,0,1,1,0,5,1,0,1,4,0,5,1,0,1,4,0,1,1,0,0,0,0,0,0,1,1,0,0,0,0,0,0,1,1,0,0,1,1,0,0,1,1,1],[1,0,0,0,0,0,0,5,1,2,0,0,0,0,1,1,0,1,2,0,3,1,0,1,2,0,3,1,0,1,1,0,0,1,1,0,0,1,1,0,0,1,1,0,0,1,1,0,0,1,1,0,0,1,1,1],[1,0,0,0,0,0,5,1,2,0,0,0,0,0,0,0,0,0,0,0,0,0,0,0,0,0,0,0,0,0,0,0,0,1,1,0,0,1,1,0,0,1,1,0,0,0,0,0,0,1,1,0,0,1,1,1],[1,0,0,0,0,5,1,2,0,0,0,0,0,0,1,1,0,1,4,0,5,1,0,1,4,0,5,1,0,1,1,0,0,1,1,0,0,1,1,0,0,1,1,0,0,1,1,0,0,1,1,0,0,1,1,1],[1,0,0,0,5,1,2,0,0,5,1,1,4,0,1,1,0,3,1,0,1,2,0,3,1,0,1,2,0,1,1,0,0,1,1,0,0,0,0,0,0,1,1,0,0,1,1,0,0,1,1,0,0,1,1,1],[1,0,0,5,1,2,0,0,0,1,2,3,1,0,1,1,0,0,0,0,0,0,0,0,0,0,0,0,0,1,1,0,0,1,1,0,0,0,0,0,0,1,1,0,0,1,1,0,0,1,1,0,0,1,1,1],[1,0,5,1,2,0,0,0,0,1,4,5,1,0,1,1,0,5,1,0,1,4,0,5,1,0,1,4,0,1,1,0,0,1,1,0,0,1,1,0,0,1,1,0,0,1,1,0,0,1,1,0,0,1,1,1],[1,0,1,2,0,0,0,0,0,3,1,1,2,0,1,1,0,1,2,0,3,1,0,1,2,0,3,1,0,1,1,0,0,1,1,0,0,1,1,0,0,1,1,0,0,1,1,0,0,0,0,0,0,1,1,1],[1,0,0,0,0,0,0,0,0,0,0,0,0,0,1,1,0,0,0,0,0,0,0,0,0,0,0,0,0,1,1,0,0,1,1,0,0,1,1,0,0,1,1,0,0,1,1,0,0,0,0,0,0,1,1,1],[1,1,1,1,1,1,1,1,1,1,1,1,1,1,1,1,1,1,1,1,1,1,1,1,1,1,1,1,1,1,1,1,1,1,1,1,1,1,1,1,1,1,1,1,1,1,1,1,1,1,1,1,1,1,1,1],[1,1,1,1,1,1,1,1,1,1,1,1,1,1,1,1,1,1,1,1,1,1,1,1,1,1,1,1,1,1,1,1,1,1,1,1,1,1,1,1,1,1,1,1,1,1,1,1,1,1,1,1,1,1,1,1],[1,1,1,1,1,1,1,1,1,1,1,1,1,1,1,1,1,1,1,1,1,1,1,1,1,1,1,1,1,1,1,1,1,1,1,1,1,1,1,1,1,1,1,1,1,1,1,1,1,1,1,1,1,1,1,1]]}
