{"unique_id":1717640305,"width":112,"height":32,"start":[8,8],"end":[110,11],"entities":[{"class":"wall","start":[5,8],"end":[6,8],"oneway":false,"open":false,"color":0},{"class":"wall","start":[6,8],"end":[7,8],"oneway":false,"open":false,"color":0},{"class":"wall","start":[8,8],"end":[7,8],"oneway":false,"open":false,"color":0},{"class":"wall","start":[9,8],"end":[8,8],"oneway":false,"open":false,"color":0},{"class":"wall","start":[10,8],"end":[9,8],"oneway":false,"open":false,"color":0},{"class":"wall","start":[11,8],"end":[10,8],"oneway":false,"open":false,"color":0},{"class":"wall","start":[14,8],"end":[13,8],"oneway":false,"open":false,"color":1},{"class":"wall","start":[19,8],"end":[19,9],"oneway":false,"open":false,"color":2},{"class":"wall","start":[19,9],"end":[19,10],"oneway":false,"open":false,"color":2},{"class":"wall","start":[14,8],"end":[15,8],"oneway":false,"open":false,"color":1},{"class":"wall","start":[6,10],"end":[5,10],"oneway":false,"open":false,"color":0},{"class":"wall","start":[7,10],"end":[6,10],"oneway":false,"open":false,"color":0},{"class":"wall","start":[7,10],"end":[8,10],"oneway":false,"open":false,"color":0},{"class":"wall","start":[8,10],"end":[9,10],"oneway":false,"open":false,"color":0},{"class":"wall","start":[10,10],"end":[9,10],"oneway":false,"open":false,"color":0},{"class":"wall","start":[10,10],"end":[11,10],"oneway":false,"open":false,"color":0},{"class":"wall","start":[11,10],"end":[12,10],"oneway":false,"open":false,"color":0},{"class":"wall","start":[13,10],"end":[12,10],"oneway":false,"open":false,"color":0},{"class":"wall","start":[12,8],"end":[11,8],"oneway":false,"open":false,"color":0},{"class":"wall","start":[13,8],"end":[12,8],"oneway":false,"open":false,"color":0},{"class":"wall","start":[16,8],"end":[15,8],"oneway":false,"open":false,"color":0},{"class":"wall","start":[16,8],"end":[17,8],"oneway":false,"open":false,"color":0},{"class":"wall","start":[17,8],"end":[18,8],"oneway":false,"open":false,"color":0},{"class":"wall","start":[19,8],"end":[18,8],"oneway":false,"open":false,"color":0},{"class":"wall","start":[14,10],"end":[13,10],"oneway":false,"open":false,"color":0},{"class":"wall","start":[15,10],"end":[14,10],"oneway":false,"open":false,"color":0},{"class":"wall","start":[15,10],"end":[16,10],"oneway":false,"open":false,"color":0},{"class":"wall","start":[17,10],"end":[16,10],"oneway":false,"open":false,"color":0},{"class":"wall","start":[18,10],"end":[17,10],"oneway":false,"open":false,"color":0},{"class":"wall","start":[19,10],"end":[18,10],"oneway":false,"open":false,"color":0},{"class":"wall","start":[13,8],"end":[14,7],"oneway":false,"open":false,"color":0},{"class":"wall","start":[20,8],"end":[19,7],"oneway":false,"open":false,"color":0},{"class":"wall","start":[20,10],"end":[19,10],"oneway":false,"open":false,"color":0},{"class":"wall","start":[21,10],"end":[20,10],"oneway":false,"open":false,"color":0},{"class":"wall","start":[5,9],"end":[5,8],"oneway":true,"open":false,"color":0},{"class":"wall","start":[34,8],"end":[34,7],"oneway":false,"open":false,"color":2},{"class":"wall","start":[38,20],"end":[38,21],"oneway":false,"open":false,"color":1},{"class":"wall","start":[38,19],"end":[38,20],"oneway":false,"open":false,"color":1},{"class":"wall","start":[64,20],"end":[64,19],"oneway":false,"open":false,"color":1},{"class":"wall","start":[64,20],"end":[64,21],"oneway":false,"open":false,"color":2},{"class":"wall","start":[64,20],"end":[65,21],"oneway":true,"open":false,"color":0},{"class":"wall","start":[65,21],"end":[66,21],"oneway":true,"open":false,"color":0},{"class":"wall","start":[66,21],"end":[67,21],"oneway":true,"open":false,"color":0},{"class":"wall","start":[67,21],"end":[68,21],"oneway":true,"open":false,"color":0},{"class":"wall","start":[68,21],"end":[69,21],"oneway":true,"open":false,"color":0},{"class":"wall","start":[69,21],"end":[70,21],"oneway":true,"open":false,"color":0},{"class":"wall","start":[70,21],"end":[71,21],"oneway":true,"open":false,"color":0},{"class":"wall","start":[71,21],"end":[72,21],"oneway":true,"open":false,"color":0},{"class":"wall","start":[72,21],"end":[73,21],"oneway":true,"open":false,"color":0},{"class":"wall","start":[73,21],"end":[74,21],"oneway":true,"open":false,"color":0},{"class":"wall","start":[74,21],"end":[75,21],"oneway":true,"open":false,"color":0},{"class":"wall","start":[75,21],"end":[76,21],"oneway":true,"open":false,"color":0},{"class":"wall","start":[65,19],"end":[64,20],"oneway":true,"open":false,"color":0},{"class":"wall","start":[66,19],"end":[65,19],"oneway":true,"open":false,"color":0},{"class":"wall","start":[67,19],"end":[66,19],"oneway":true,"open":false,"color":0},{"class":"wall","start":[68,19],"end":[67,19],"oneway":true,"open":false,"color":0},{"class":"wall","start":[69,19],"end":[68,19],"oneway":true,"open":false,"color":0},{"class":"wall","start":[70,19],"end":[69,19],"oneway":true,"open":false,"color":0},{"class":"wall","start":[71,19],"end":[70,19],"oneway":true,"open":false,"color":0},{"class":"wall","start":[72,19],"end":[71,19],"oneway":true,"open":false,"color":0},{"class":"wall","start":[73,19],"end":[72,19],"oneway":true,"open":false,"color":0},{"class":"wall","start":[74,19],"end":[73,19],"oneway":true,"open":false,"color":0},{"class":"wall","start":[75,19],"end":[74,19],"oneway":true,"open":false,"color":0},{"class":"wall","start":[76,19],"end":[75,19],"oneway":true,"open":false,"color":0},{"class":"wall","start":[77,19],"end":[76,19],"oneway":true,"open":false,"color":0},{"class":"wall","start":[79,19],"end":[78,19],"oneway":true,"open":false,"color":0},{"class":"wall","start":[80,19],"end":[79,19],"oneway":true,"open":false,"color":0},{"class":"wall","start":[81,19],"end":[80,19],"oneway":true,"open":false,"color":0},{"class":"wall","start":[82,19],"end":[81,19],"oneway":true,"open":false,"color":0},{"class":"wall","start":[76,21],"end":[77,21],"oneway":true,"open":false,"color":0},{"class":"wall","start":[77,21],"end":[78,21],"oneway":true,"open":false,"color":0},{"class":"wall","start":[78,21],"end":[79,21],"oneway":true,"open":false,"color":0},{"class":"wall","start":[79,21],"end":[80,21],"oneway":true,"open":false,"color":0},{"class":"wall","start":[80,21],"end":[81,21],"oneway":true,"open":false,"color":0},{"class":"wall","start":[71,24],"end":[70,23],"oneway":false,"open":false,"color":0},{"class":"wall","start":[74,24],"end":[73,23],"oneway":false,"open":false,"color":0},{"class":"wall","start":[70,17],"end":[71,16],"oneway":false,"open":false,"color":0},{"class":"wall","start":[73,17],"end":[74,16],"oneway":false,"open":false,"color":0},{"class":"wall","start":[81,21],"end":[82,21],"oneway":true,"open":false,"color":0},{"class":"wall","start":[69,23],"end":[70,23],"oneway":false,"open":false,"color":0},{"class":"wall","start":[72,23],"end":[73,23],"oneway":false,"open":false,"color":0},{"class":"wall","start":[69,17],"end":[70,17],"oneway":false,"open":false,"color":0},{"class":"wall","start":[73,17],"end":[72,17],"oneway":false,"open":false,"color":0},{"class":"wall","start":[82,21],"end":[83,21],"oneway":true,"open":false,"color":0},{"class":"wall","start":[83,19],"end":[82,19],"oneway":true,"open":false,"color":0},{"class":"wall","start":[84,19],"end":[83,19],"oneway":true,"open":false,"color":0},{"class":"wall","start":[83,21],"end":[84,21],"oneway":true,"open":false,"color":0},{"class":"wall","start":[92,17],"end":[93,17],"oneway":false,"open":false,"color":0},{"class":"wall","start":[94,15],"end":[93,15],"oneway":false,"open":false,"color":0},{"class":"wall","start":[93,13],"end":[92,13],"oneway":false,"open":false,"color":0},{"class":"wall","start":[38,21],"end":[38,22],"oneway":false,"open":false,"color":1},{"class":"wall","start":[84,19],"end":[85,20],"oneway":false,"open":false,"color":0},{"class":"wall","start":[84,21],"end":[85,20],"oneway":false,"open":false,"color":0},{"class":"wall","start":[22,10],"end":[21,10],"oneway":false,"open":false,"color":0},{"class":"wall","start":[22,10],"end":[23,10],"oneway":false,"open":false,"color":0},{"class":"wall","start":[24,10],"end":[23,10],"oneway":false,"open":false,"color":0},{"class":"wall","start":[34,9],"end":[34,10],"oneway":false,"open":false,"color":1},{"class":"wall","start":[21,8],"end":[20,8],"oneway":false,"open":false,"color":0},{"class":"wall","start":[22,8],"end":[21,8],"oneway":false,"open":false,"color":0},{"class":"wall","start":[23,8],"end":[22,8],"oneway":false,"open":false,"color":0},{"class":"wall","start":[24,8],"end":[23,8],"oneway":false,"open":false,"color":0},{"class":"wall","start":[14,7],"end":[15,7],"oneway":true,"open":false,"color":0},{"class":"wall","start":[15,7],"end":[16,7],"oneway":true,"open":false,"color":0},{"class":"wall","start":[17,7],"end":[18,7],"oneway":true,"open":false,"color":0},{"class":"wall","start":[18,7],"end":[19,7],"oneway":true,"open":false,"color":0},{"class":"wall","start":[24,10],"end":[25,10],"oneway":false,"open":false,"color":0},{"class":"wall","start":[25,11],"end":[25,10],"oneway":true,"open":false,"color":0},{"class":"wall","start":[5,10],"end":[5,9],"oneway":true,"open":false,"color":0},{"class":"wall","start":[77,23],"end":[76,23],"oneway":false,"open":false,"color":0},{"class":"wall","start":[78,24],"end":[77,23],"oneway":false,"open":false,"color":0},{"class":"wall","start":[80,23],"end":[79,23],"oneway":false,"open":false,"color":0},{"class":"wall","start":[81,24],"end":[80,23],"oneway":false,"open":false,"color":0},{"class":"wall","start":[76,17],"end":[77,17],"oneway":false,"open":false,"color":0},{"class":"wall","start":[77,17],"end":[78,16],"oneway":false,"open":false,"color":0},{"class":"wall","start":[80,17],"end":[79,17],"oneway":false,"open":false,"color":0},{"class":"wall","start":[81,16],"end":[80,17],"oneway":false,"open":false,"color":0},{"class":"wall","start":[78,19],"end":[77,19],"oneway":true,"open":false,"color":0},{"class":"wall","start":[105,12],"end":[105,11],"oneway":false,"open":false,"color":0},{"class":"wall","start":[105,12],"end":[105,13],"oneway":false,"open":false,"color":0},{"class":"wall","start":[106,14],"end":[105,13],"oneway":false,"open":false,"color":0},{"class":"wall","start":[106,14],"end":[107,13],"oneway":false,"open":false,"color":0},{"class":"wall","start":[107,12],"end":[107,13],"oneway":false,"open":false,"color":0},{"class":"wall","start":[107,11],"end":[107,12],"oneway":false,"open":false,"color":0},{"class":"cog","pos":[39.9537,23.0112]},{"class":"cog","pos":[76.5018,18.2231]},{"class":"cog","pos":[4.50398,8.48223]},{"class":"sign","pos":[12.0741,8.48048],"text":"Only the red player can pass through red barriers."},{"class":"sign","pos":[16.5211,8.4618],"text":"Only blue can pass through blue barriers."},{"class":"sign","pos":[22.503,8.48486],"text":"The magnet above is attracted to both players."},{"class":"sign","pos":[41.4831,16.5102],"text":"Don't get hit by lasers!"},{"class":"sign","pos":[62.6848,19.4893],"text":"Super Rockets are fast but turn slowly."},{"class":"sign","pos":[97.4785,11.3988],"text":"Stick together and Hunters won't chase you!"},{"class":"sign","pos":[98.998,11.3688],"text":"(There's a hunter right above you!)"},{"class":"sign","pos":[35.4909,7.46175],"text":"Enemies can't travel through colored edges."},{"class":"sign","pos":[16.4852,6.43032],"text":"I don't see anything useful down here, do you?"},{"class":"enemy","type":"doom magnet","pos":[8.42746,10.8326],"color":0,"angle":0},{"class":"enemy","type":"wheeligator","pos":[7.62612,5.56772],"color":0,"angle":0},{"class":"enemy","type":"wheeligator","pos":[12.2486,5.45498],"color":0,"angle":0},{"class":"enemy","type":"wheeligator","pos":[18.5609,5.48262],"color":0,"angle":0},{"class":"enemy","type":"wheeligator","pos":[22.399,5.47178],"color":0,"angle":0},{"class":"enemy","type":"multi gun","pos":[48.9449,21.0385],"color":0,"angle":0},{"class":"enemy","type":"spike ball","pos":[37.5047,20.4356],"color":0,"angle":0},{"class":"enemy","type":"spike ball","pos":[37.4869,19.4954],"color":0,"angle":0},{"class":"enemy","type":"bouncy rocket launcher","pos":[73.4854,20.0263],"color":1,"angle":0},{"class":"enemy","type":"bouncy rocket launcher","pos":[79.4559,20.0016],"color":2,"angle":0},{"class":"enemy","type":"bomber","pos":[92.4795,21.3732],"color":0,"angle":0},{"class":"enemy","type":"hunter","pos":[101.598,14.5388],"color":0,"angle":0},{"class":"enemy","type":"spike ball","pos":[37.5043,21.5382],"color":0,"angle":0},{"class":"enemy","type":"wall crawler","pos":[106.32,11.38],"color":0,"angle":0}],"cells":[[1,1,1,1,1,1,1,1,1,1,1,1,1,1,1,1,1,1,1,1,1,1,1,1,1,1,1,1,1,1,1,1,1,1,1,1,1,1,1,1,1,1,1,1,1,1,1,1,1,1,1,1,1,1,1,1,1,1,1,1,1,1,1,1,1,1,1,1,1,1,1,1,1,1,1,1,1,1,1,1,1,1,1,1,1,1,1,1,1,1,1,1,1,1,1,1,1,1,1,1,1,1,1,1,1,1,1,1,1,1,1,1],[1,1,1,1,1,1,1,1,1,1,1,1,1,1,1,1,1,1,1,1,1,1,1,1,1,1,1,1,1,1,1,1,1,1,1,1,1,1,1,1,1,1,1,1,1,1,1,1,1,1,1,1,1,1,1,1,1,1,1,1,1,1,1,1,1,1,1,1,1,1,1,1,1,1,1,1,1,1,1,1,1,1,1,1,1,1,1,1,1,1,1,1,1,1,1,1,1,1,1,1,1,1,1,1,1,1,1,1,1,1,1,1],[1,1,1,1,1,1,1,1,1,1,1,1,1,1,1,1,1,1,1,1,1,1,1,1,1,1,1,1,1,1,1,1,1,1,1,1,1,1,1,1,1,1,1,1,1,1,1,1,1,1,1,1,1,1,1,1,1,1,1,1,1,1,1,1,1,1,1,1,1,1,1,1,1,1,1,1,1,1,1,1,1,1,1,1,1,1,1,1,1,1,1,1,1,1,1,1,1,1,1,1,1,1,1,1,1,1,1,1,1,1,1,1],[1,1,1,1,1,1,1,1,1,1,1,1,1,1,1,1,1,1,1,1,1,1,1,1,1,1,1,1,1,1,1,1,1,1,1,1,1,1,1,1,1,1,1,1,1,1,1,1,1,1,1,1,1,1,1,1,1,1,1,1,1,1,1,1,1,1,1,1,1,1,1,1,1,1,1,1,1,1,1,1,1,1,1,1,1,1,1,1,1,1,1,1,1,1,1,1,1,1,1,1,1,1,1,1,1,1,1,1,1,1,1,1],[1,1,1,1,1,1,1,1,1,1,1,1,1,1,1,1,1,1,1,1,1,1,1,1,1,1,1,1,1,1,1,1,1,1,1,1,1,1,1,1,1,1,1,1,1,1,1,1,1,1,1,1,1,1,1,1,1,1,1,1,1,1,1,1,1,1,1,1,1,1,1,1,1,1,1,1,1,1,1,1,1,1,1,1,1,1,1,1,1,1,1,1,1,1,1,1,1,1,1,1,1,1,1,1,1,1,1,1,1,1,1,1],[1,1,1,1,1,1,1,0,0,0,0,0,0,0,0,1,1,1,0,0,0,0,0,0,1,1,1,1,1,1,1,1,1,1,1,1,1,1,1,1,1,1,1,1,1,1,1,1,1,1,1,1,1,1,1,1,1,1,1,1,1,1,1,1,1,1,1,1,1,1,1,1,1,1,1,1,1,1,1,1,1,1,1,1,1,1,1,1,1,1,1,1,1,1,1,1,1,1,1,1,1,1,1,1,1,1,1,1,1,1,1,1],[1,1,1,1,2,0,0,0,0,0,0,0,0,0,0,0,0,0,0,0,0,0,0,0,1,1,2,0,0,0,0,3,1,1,1,1,1,1,1,1,1,1,1,1,1,1,1,1,1,1,1,1,1,1,1,1,1,1,1,1,1,1,1,1,1,1,1,1,1,1,1,1,1,1,1,1,1,1,1,1,1,1,1,1,1,1,1,1,1,1,1,1,1,1,1,1,1,1,1,1,1,1,1,1,1,1,1,1,1,1,1,1],[1,1,1,1,0,0,0,0,0,0,0,0,0,0,0,0,0,0,0,0,0,0,0,0,1,0,0,0,0,0,0,0,0,0,0,0,0,0,0,0,1,1,1,1,1,1,1,1,1,1,1,1,1,1,1,1,1,1,1,1,1,1,1,1,1,1,1,1,1,1,1,1,1,1,1,1,1,1,1,1,1,1,1,1,1,1,1,1,1,1,1,1,1,1,1,1,1,1,1,1,1,1,1,1,1,1,1,1,1,1,1,1],[1,1,1,1,0,0,0,0,0,0,0,0,0,0,0,0,0,0,0,0,0,0,0,0,0,0,0,0,0,0,0,0,0,0,1,1,1,1,0,0,1,1,1,1,1,1,1,1,1,1,1,1,1,1,1,1,1,1,1,1,1,1,1,1,1,1,1,1,1,1,1,1,1,1,1,1,1,1,1,1,1,1,1,1,1,1,1,1,1,1,1,1,1,1,1,1,1,1,1,1,1,1,1,1,1,1,1,1,1,1,1,1],[1,1,1,1,0,0,0,0,0,0,0,0,0,0,0,0,0,0,0,0,0,0,0,0,0,0,0,0,0,0,0,0,0,0,0,0,0,0,0,0,1,1,1,1,1,1,1,1,1,1,1,1,1,1,1,1,1,1,1,1,1,1,1,1,1,1,1,1,1,1,1,1,1,1,1,1,1,1,1,1,1,1,1,1,1,1,1,1,1,1,1,1,1,1,1,1,1,1,1,1,1,1,1,1,1,1,1,1,1,1,1,1],[1,1,1,1,1,0,0,0,0,0,0,0,0,0,0,0,0,0,0,0,0,0,0,0,0,0,0,0,0,0,0,0,0,5,1,1,1,1,0,0,1,1,1,1,1,1,1,1,1,1,1,1,1,1,1,1,1,1,1,1,1,1,1,1,1,1,1,1,1,1,1,1,1,1,1,1,1,1,1,1,1,1,1,1,1,1,1,1,1,1,1,1,1,1,1,1,1,1,1,1,1,1,1,1,1,1,1,1,1,1,1,1],[1,1,1,1,1,0,0,0,0,0,0,0,0,0,0,0,0,0,0,0,0,0,0,0,1,1,1,1,1,1,1,1,1,1,1,1,1,1,0,0,1,1,1,1,1,1,1,1,1,1,1,1,1,1,1,1,1,1,1,1,1,1,1,1,1,1,1,1,1,1,1,1,1,1,1,1,1,1,1,1,1,1,1,1,1,1,1,1,1,1,1,1,0,0,0,0,0,0,0,0,0,0,0,0,0,0,0,0,0,0,0,1],[1,1,1,1,1,1,1,1,1,1,1,1,1,1,1,1,1,1,1,0,0,0,0,0,1,1,1,1,1,1,1,1,1,1,1,1,1,1,0,0,1,1,1,1,1,1,1,1,1,1,1,1,1,1,1,1,1,1,1,1,1,1,1,1,1,1,1,1,1,1,1,1,1,1,1,1,1,1,1,1,1,1,1,1,1,1,1,1,1,1,1,1,0,0,0,0,0,0,0,0,0,0,0,0,0,0,0,0,0,0,0,1],[1,1,1,1,1,1,1,1,1,1,1,1,1,1,1,1,1,1,1,1,1,1,1,1,1,1,1,1,1,1,1,1,1,1,1,1,1,1,0,0,1,1,1,1,1,1,1,1,1,1,1,1,1,1,1,1,1,1,1,1,1,1,1,1,1,1,1,1,1,1,1,1,1,1,1,1,1,1,1,1,1,1,1,1,1,1,1,1,1,1,1,1,0,0,1,1,1,1,1,1,1,0,0,0,0,0,0,0,0,0,0,1],[1,1,1,1,1,1,1,1,1,1,1,1,1,1,1,1,1,1,1,1,1,1,1,1,1,1,1,1,1,1,1,1,1,1,1,1,1,1,0,0,1,1,1,1,1,1,1,1,1,1,1,1,1,1,1,1,1,1,1,1,1,1,1,1,1,1,1,0,0,0,0,0,0,0,0,0,0,0,0,0,0,0,0,0,1,1,1,1,1,1,1,1,0,0,1,1,1,1,1,1,1,0,0,0,0,0,0,0,0,0,0,1],[1,1,1,1,1,1,1,1,1,1,1,1,1,1,1,1,1,1,1,1,1,1,1,1,1,1,1,1,1,1,1,1,1,1,1,1,1,1,0,0,1,1,1,1,1,1,1,1,1,1,1,1,1,1,1,1,1,1,1,1,1,1,1,1,1,1,1,0,0,0,0,0,0,0,0,0,0,0,0,0,0,0,0,0,1,1,1,1,1,1,1,1,0,0,1,1,1,1,1,1,1,0,0,0,0,0,0,0,0,0,0,1],[1,1,1,1,1,1,1,1,1,1,1,1,1,1,1,1,1,1,1,1,1,1,1,1,1,1,1,1,1,1,1,1,1,1,1,1,1,1,0,0,0,0,0,3,2,0,0,0,0,0,0,3,4,0,1,1,1,1,1,1,1,1,1,1,1,1,2,0,0,0,0,0,0,0,0,0,0,0,0,0,0,0,0,0,3,1,1,1,1,1,1,1,0,0,1,1,1,1,1,1,1,4,0,0,0,0,0,0,0,0,5,1],[1,1,1,1,1,1,1,1,1,1,1,1,1,1,1,1,1,1,1,1,1,1,1,1,1,1,1,1,1,1,1,1,1,1,1,1,1,1,0,0,0,0,0,0,0,0,0,3,2,0,0,4,3,0,0,1,1,1,1,1,1,1,1,1,1,2,0,0,0,0,0,0,0,0,0,0,0,0,0,0,0,0,0,0,0,3,1,1,1,1,1,1,0,0,1,1,1,1,1,1,1,1,1,1,1,1,1,1,1,1,1,1],[1,1,1,1,1,1,1,1,1,1,1,1,1,1,1,1,1,1,1,1,1,1,1,1,1,1,1,1,1,1,1,1,1,1,1,1,1,1,0,0,0,0,0,0,0,0,0,0,0,0,0,3,4,0,0,0,1,1,1,1,1,1,1,1,2,0,0,0,0,0,0,0,0,0,0,0,0,0,0,0,0,0,0,0,0,0,3,1,1,1,1,1,0,0,1,1,1,1,1,1,1,1,1,1,1,1,1,1,1,1,1,1],[1,1,1,1,1,1,1,1,1,1,1,1,1,1,1,1,1,1,1,1,1,1,1,1,1,1,1,1,1,1,1,1,1,1,1,1,1,0,0,0,0,0,0,0,0,0,0,0,0,0,0,0,0,0,0,0,0,0,0,0,0,0,0,0,0,0,0,0,0,0,0,0,0,0,0,0,0,0,0,0,0,0,0,0,0,0,0,0,0,0,0,0,0,0,1,1,1,1,1,1,1,1,1,1,1,1,1,1,1,1,1,1],[1,1,1,1,1,1,1,1,1,1,1,1,1,1,1,1,1,1,1,1,1,1,1,1,1,1,1,1,1,1,1,1,1,1,1,1,1,0,0,0,0,0,0,0,0,0,0,0,0,0,0,0,0,0,0,0,0,0,0,0,0,0,0,0,0,0,0,0,0,0,0,0,0,0,0,0,0,0,0,0,0,0,0,0,0,0,0,0,0,0,0,0,0,0,1,1,1,1,1,1,1,1,1,1,1,1,1,1,1,1,1,1],[1,1,1,1,1,1,1,1,1,1,1,1,1,1,1,1,1,1,1,1,1,1,1,1,1,1,1,1,1,1,1,1,1,1,1,1,1,0,0,0,0,0,0,0,0,0,0,0,0,0,0,0,0,0,0,0,1,1,1,1,1,1,1,1,4,0,0,0,0,0,0,0,0,0,0,0,0,0,0,0,0,0,0,0,0,0,5,1,1,1,1,1,0,0,1,1,1,1,1,1,1,1,1,1,1,1,1,1,1,1,1,1],[1,1,1,1,1,1,1,1,1,1,1,1,1,1,1,1,1,1,1,1,1,1,1,1,1,1,1,1,1,1,1,1,1,1,1,1,1,1,0,0,0,4,0,0,0,0,0,0,0,0,0,0,0,0,0,1,1,1,1,1,1,1,1,1,1,4,0,0,0,0,0,0,0,0,0,0,0,0,0,0,0,0,0,0,0,5,1,1,1,1,1,1,1,1,1,1,1,1,1,1,1,1,1,1,1,1,1,1,1,1,1,1],[1,1,1,1,1,1,1,1,1,1,1,1,1,1,1,1,1,1,1,1,1,1,1,1,1,1,1,1,1,1,1,1,1,1,1,1,1,1,0,0,0,1,4,0,5,1,4,0,0,0,5,4,0,0,1,1,1,1,1,1,1,1,1,1,1,1,4,0,0,0,0,0,0,0,0,0,0,0,0,0,0,0,0,0,5,1,1,1,1,1,1,1,1,1,1,1,1,1,1,1,1,1,1,1,1,1,1,1,1,1,1,1],[1,1,1,1,1,1,1,1,1,1,1,1,1,1,1,1,1,1,1,1,1,1,1,1,1,1,1,1,1,1,1,1,1,1,1,1,1,1,1,1,1,1,1,1,1,1,1,1,1,1,1,1,1,1,1,1,1,1,1,1,1,1,1,1,1,1,1,0,0,0,0,0,0,0,0,0,0,0,0,0,0,0,0,0,1,1,1,1,1,1,1,1,1,1,1,1,1,1,1,1,1,1,1,1,1,1,1,1,1,1,1,1],[1,1,1,1,1,1,1,1,1,1,1,1,1,1,1,1,1,1,1,1,1,1,1,1,1,1,1,1,1,1,1,1,1,1,1,1,1,1,1,1,1,1,1,1,1,1,1,1,1,1,1,1,1,1,1,1,1,1,1,1,1,1,1,1,1,1,1,0,0,0,0,0,0,0,0,0,0,0,0,0,0,0,0,0,1,1,1,1,1,1,1,1,1,1,1,1,1,1,1,1,1,1,1,1,1,1,1,1,1,1,1,1],[1,1,1,1,1,1,1,1,1,1,1,1,1,1,1,1,1,1,1,1,1,1,1,1,1,1,1,1,1,1,1,1,1,1,1,1,1,1,1,1,1,1,1,1,1,1,1,1,1,1,1,1,1,1,1,1,1,1,1,1,1,1,1,1,1,1,1,1,1,1,1,1,1,1,1,1,1,1,1,1,1,1,1,1,1,1,1,1,1,1,1,1,1,1,1,1,1,1,1,1,1,1,1,1,1,1,1,1,1,1,1,1],[1,1,1,1,1,1,1,1,1,1,1,1,1,1,1,1,1,1,1,1,1,1,1,1,1,1,1,1,1,1,1,1,1,1,1,1,1,1,1,1,1,1,1,1,1,1,1,1,1,1,1,1,1,1,1,1,1,1,1,1,1,1,1,1,1,1,1,1,1,1,1,1,1,1,1,1,1,1,1,1,1,1,1,1,1,1,1,1,1,1,1,1,1,1,1,1,1,1,1,1,1,1,1,1,1,1,1,1,1,1,1,1],[1,1,1,1,1,1,1,1,1,1,1,1,1,1,1,1,1,1,1,1,1,1,1,1,1,1,1,1,1,1,1,1,1,1,1,1,1,1,1,1,1,1,1,1,1,1,1,1,1,1,1,1,1,1,1,1,1,1,1,1,1,1,1,1,1,1,1,1,1,1,1,1,1,1,1,1,1,1,1,1,1,1,1,1,1,1,1,1,1,1,1,1,1,1,1,1,1,1,1,1,1,1,1,1,1,1,1,1,1,1,1,1],[1,1,1,1,1,1,1,1,1,1,1,1,1,1,1,1,1,1,1,1,1,1,1,1,1,1,1,1,1,1,1,1,1,1,1,1,1,1,1,1,1,1,1,1,1,1,1,1,1,1,1,1,1,1,1,1,1,1,1,1,1,1,1,1,1,1,1,1,1,1,1,1,1,1,1,1,1,1,1,1,1,1,1,1,1,1,1,1,1,1,1,1,1,1,1,1,1,1,1,1,1,1,1,1,1,1,1,1,1,1,1,1],[1,1,1,1,1,1,1,1,1,1,1,1,1,1,1,1,1,1,1,1,1,1,1,1,1,1,1,1,1,1,1,1,1,1,1,1,1,1,1,1,1,1,1,1,1,1,1,1,1,1,1,1,1,1,1,1,1,1,1,1,1,1,1,1,1,1,1,1,1,1,1,1,1,1,1,1,1,1,1,1,1,1,1,1,1,1,1,1,1,1,1,1,1,1,1,1,1,1,1,1,1,1,1,1,1,1,1,1,1,1,1,1],[1,1,1,1,1,1,1,1,1,1,1,1,1,1,1,1,1,1,1,1,1,1,1,1,1,1,1,1,1,1,1,1,1,1,1,1,1,1,1,1,1,1,1,1,1,1,1,1,1,1,1,1,1,1,1,1,1,1,1,1,1,1,1,1,1,1,1,1,1,1,1,1,1,1,1,1,1,1,1,1,1,1,1,1,1,1,1,1,1,1,1,1,1,1,1,1,1,1,1,1,1,1,1,1,1,1,1,1,1,1,1,1]]}
