{"unique_id":1385705747,"width":72,"height":32,"start":[20,18],"end":[3,11],"entities":[{"class":"wall","start":[20,16],"end":[19,16],"oneway":false,"open":false,"color":0},{"class":"wall","start":[20,16],"end":[21,16],"oneway":false,"open":false,"color":0},{"class":"wall","start":[22,16],"end":[21,16],"oneway":false,"open":false,"color":0},{"class":"wall","start":[22,16],"end":[23,16],"oneway":false,"open":false,"color":0},{"class":"wall","start":[24,16],"end":[23,16],"oneway":false,"open":false,"color":0},{"class":"wall","start":[24,16],"end":[25,16],"oneway":false,"open":false,"color":0},{"class":"wall","start":[25,16],"end":[26,16],"oneway":false,"open":false,"color":0},{"class":"wall","start":[26,16],"end":[27,16],"oneway":false,"open":false,"color":0},{"class":"wall","start":[28,16],"end":[27,16],"oneway":false,"open":false,"color":0},{"class":"wall","start":[29,16],"end":[28,16],"oneway":false,"open":false,"color":0},{"class":"wall","start":[30,16],"end":[29,16],"oneway":false,"open":false,"color":0},{"class":"wall","start":[31,16],"end":[30,16],"oneway":false,"open":false,"color":0},{"class":"wall","start":[31,16],"end":[32,16],"oneway":false,"open":false,"color":0},{"class":"wall","start":[32,16],"end":[33,16],"oneway":false,"open":false,"color":0},{"class":"wall","start":[33,16],"end":[34,16],"oneway":false,"open":false,"color":0},{"class":"wall","start":[50,20],"end":[51,20],"oneway":true,"open":false,"color":0},{"class":"wall","start":[49,18],"end":[50,18],"oneway":true,"open":false,"color":0},{"class":"wall","start":[50,18],"end":[51,18],"oneway":true,"open":false,"color":0},{"class":"wall","start":[51,20],"end":[52,20],"oneway":true,"open":false,"color":0},{"class":"wall","start":[51,22],"end":[52,22],"oneway":true,"open":false,"color":0},{"class":"wall","start":[52,22],"end":[53,22],"oneway":true,"open":false,"color":0},{"class":"wall","start":[52,24],"end":[53,24],"oneway":true,"open":false,"color":0},{"class":"wall","start":[53,24],"end":[54,24],"oneway":true,"open":false,"color":0},{"class":"wall","start":[50,20],"end":[49,19],"oneway":true,"open":false,"color":0},{"class":"wall","start":[49,19],"end":[49,18],"oneway":true,"open":false,"color":0},{"class":"wall","start":[54,6],"end":[53,6],"oneway":false,"open":false,"color":0},{"class":"wall","start":[53,6],"end":[52,6],"oneway":false,"open":false,"color":0},{"class":"wall","start":[52,9],"end":[51,9],"oneway":false,"open":false,"color":0},{"class":"wall","start":[51,9],"end":[50,9],"oneway":false,"open":false,"color":0},{"class":"wall","start":[51,18],"end":[52,19],"oneway":false,"open":false,"color":0},{"class":"wall","start":[52,19],"end":[52,20],"oneway":false,"open":false,"color":0},{"class":"wall","start":[52,20],"end":[53,21],"oneway":false,"open":false,"color":0},{"class":"wall","start":[53,21],"end":[53,22],"oneway":false,"open":false,"color":0},{"class":"wall","start":[53,22],"end":[54,23],"oneway":false,"open":false,"color":0},{"class":"wall","start":[54,23],"end":[54,24],"oneway":false,"open":false,"color":0},{"class":"wall","start":[54,24],"end":[54,25],"oneway":false,"open":false,"color":0},{"class":"wall","start":[44,18],"end":[43,18],"oneway":true,"open":false,"color":0},{"class":"wall","start":[43,19],"end":[43,20],"oneway":false,"open":false,"color":0},{"class":"wall","start":[43,18],"end":[43,19],"oneway":false,"open":false,"color":0},{"class":"wall","start":[44,19],"end":[44,20],"oneway":false,"open":false,"color":0},{"class":"wall","start":[44,18],"end":[44,19],"oneway":false,"open":false,"color":0},{"class":"wall","start":[22,3],"end":[21,4],"oneway":false,"open":false,"color":0},{"class":"wall","start":[23,5],"end":[22,6],"oneway":false,"open":false,"color":0},{"class":"wall","start":[22,6],"end":[21,7],"oneway":false,"open":false,"color":0},{"class":"wall","start":[21,7],"end":[20,8],"oneway":false,"open":false,"color":0},{"class":"wall","start":[20,5],"end":[21,4],"oneway":false,"open":false,"color":0},{"class":"wall","start":[24,4],"end":[23,5],"oneway":false,"open":false,"color":0},{"class":"wall","start":[19,9],"end":[20,8],"oneway":false,"open":false,"color":0},{"class":"wall","start":[19,9],"end":[18,10],"oneway":false,"open":false,"color":0},{"class":"wall","start":[19,6],"end":[20,5],"oneway":false,"open":false,"color":0},{"class":"wall","start":[18,10],"end":[18,11],"oneway":false,"open":false,"color":0},{"class":"wall","start":[18,9],"end":[18,10],"oneway":false,"open":false,"color":0},{"class":"wall","start":[18,8],"end":[18,9],"oneway":false,"open":false,"color":0},{"class":"wall","start":[18,7],"end":[18,8],"oneway":false,"open":false,"color":0},{"class":"wall","start":[18,7],"end":[18,6],"oneway":false,"open":false,"color":0},{"class":"wall","start":[18,5],"end":[18,6],"oneway":false,"open":false,"color":0},{"class":"wall","start":[14,11],"end":[15,12],"oneway":true,"open":false,"color":0},{"class":"wall","start":[34,18],"end":[34,17],"oneway":true,"open":false,"color":0},{"class":"wall","start":[34,17],"end":[34,16],"oneway":true,"open":false,"color":0},{"class":"wall","start":[36,17],"end":[36,18],"oneway":true,"open":false,"color":0},{"class":"wall","start":[36,16],"end":[36,17],"oneway":true,"open":false,"color":0},{"class":"wall","start":[38,18],"end":[38,17],"oneway":true,"open":false,"color":0},{"class":"wall","start":[38,17],"end":[38,16],"oneway":true,"open":false,"color":0},{"class":"wall","start":[40,17],"end":[40,18],"oneway":true,"open":false,"color":0},{"class":"wall","start":[40,16],"end":[40,17],"oneway":true,"open":false,"color":0},{"class":"wall","start":[18,4],"end":[18,5],"oneway":true,"open":false,"color":0},{"class":"wall","start":[18,3],"end":[18,4],"oneway":true,"open":false,"color":0},{"class":"wall","start":[43,10],"end":[43,9],"oneway":false,"open":false,"color":0},{"class":"wall","start":[43,8],"end":[43,9],"oneway":false,"open":false,"color":0},{"class":"wall","start":[15,12],"end":[16,13],"oneway":true,"open":false,"color":0},{"class":"wall","start":[16,13],"end":[17,14],"oneway":true,"open":false,"color":0},{"class":"wall","start":[17,14],"end":[18,15],"oneway":true,"open":false,"color":0},{"class":"wall","start":[43,10],"end":[43,11],"oneway":false,"open":false,"color":0},{"class":"cog","pos":[43.5054,18.5277]},{"class":"cog","pos":[12.7232,21.0928]},{"class":"cog","pos":[55.46,27.52]},{"class":"sign","pos":[65.0005,24.4807],"text":"CROUCH NEXT TO EACH OTHER TO GENERATE A SPAWN POINT"},{"class":"sign","pos":[48.4987,3.41458],"text":"Press Up (or W) on a wall to wall jump"},{"class":"enemy","type":"popper","pos":[23.48,14.1],"color":0,"angle":0},{"class":"enemy","type":"popper","pos":[30.0131,14.9624],"color":0,"angle":0},{"class":"enemy","type":"popper","pos":[32.564,13.8159],"color":0,"angle":0},{"class":"enemy","type":"popper","pos":[19.8381,14.1312],"color":0,"angle":0},{"class":"enemy","type":"popper","pos":[26.545,13.8159],"color":0,"angle":0},{"class":"enemy","type":"grenadier","pos":[37.9239,10.0211],"color":1,"angle":0},{"class":"enemy","type":"jet stream","pos":[56.0609,16.3664],"color":0,"angle":1.45848},{"class":"enemy","type":"jet stream","pos":[56.0101,18.5273],"color":0,"angle":1.45848},{"class":"enemy","type":"jet stream","pos":[55.9847,20.561],"color":0,"angle":1.45848},{"class":"enemy","type":"grenadier","pos":[28.6758,9.21556],"color":2,"angle":0},{"class":"enemy","type":"wall avoider","pos":[16.0689,18.8514],"color":1,"angle":0},{"class":"enemy","type":"wall avoider","pos":[11.9251,19.0802],"color":2,"angle":1.32826},{"class":"enemy","type":"jet stream","pos":[9.43113,12.5468],"color":0,"angle":1.32826},{"class":"enemy","type":"jet stream","pos":[7.51449,15.5007],"color":0,"angle":1.32826},{"class":"enemy","type":"jet stream","pos":[11.5056,15.5232],"color":0,"angle":1.32826},{"class":"enemy","type":"jet stream","pos":[9.8821,18.2742],"color":0,"angle":1.32826},{"class":"enemy","type":"jet stream","pos":[14.2115,18.2291],"color":0,"angle":1.32826},{"class":"enemy","type":"wall crawler","pos":[63.3105,25.5766],"color":0,"angle":1.57047},{"class":"enemy","type":"wall crawler","pos":[63.3105,26.6138],"color":0,"angle":1.57047},{"class":"enemy","type":"wall crawler","pos":[63.3105,27.5383],"color":0,"angle":1.57047},{"class":"enemy","type":"wall crawler","pos":[63.3105,28.6657],"color":0,"angle":1.57047},{"class":"enemy","type":"wall crawler","pos":[62.065,29.4038],"color":0,"angle":3.15673},{"class":"enemy","type":"wall crawler","pos":[61.6193,28.5755],"color":0,"angle":4.71959},{"class":"enemy","type":"wall crawler","pos":[61.6644,27.5157],"color":0,"angle":4.71959},{"class":"enemy","type":"wall crawler","pos":[61.5968,26.6814],"color":0,"angle":4.71959},{"class":"enemy","type":"wall crawler","pos":[61.5742,25.5766],"color":0,"angle":4.71959},{"class":"enemy","type":"wall crawler","pos":[63.1932,29.272],"color":0,"angle":3.16661},{"class":"enemy","type":"wall crawler","pos":[63.4205,26.0407],"color":0,"angle":1.53455},{"class":"enemy","type":"wall crawler","pos":[63.2805,27.0207],"color":0,"angle":1.53455},{"class":"enemy","type":"wall crawler","pos":[63.2805,28.1207],"color":0,"angle":1.53455},{"class":"enemy","type":"wall crawler","pos":[61.6205,28.0207],"color":0,"angle":4.72872},{"class":"enemy","type":"wall crawler","pos":[61.6405,27.0407],"color":0,"angle":4.72872},{"class":"enemy","type":"wall crawler","pos":[61.6605,26.0807],"color":0,"angle":4.72872},{"class":"enemy","type":"wall crawler","pos":[62.6205,29.4007],"color":0,"angle":3.14465},{"class":"enemy","type":"wall crawler","pos":[61.6005,29.1407],"color":0,"angle":3.92831},{"class":"enemy","type":"wall crawler","pos":[66.6005,25.5607],"color":0,"angle":4.70866},{"class":"enemy","type":"wall crawler","pos":[66.6605,26.1007],"color":0,"angle":4.70866},{"class":"enemy","type":"wall crawler","pos":[66.6005,26.5807],"color":0,"angle":4.70866},{"class":"enemy","type":"wall crawler","pos":[66.6405,27.0607],"color":0,"angle":4.70866},{"class":"enemy","type":"wall crawler","pos":[66.6005,27.5807],"color":0,"angle":4.70866},{"class":"enemy","type":"wall crawler","pos":[66.6605,28.0807],"color":0,"angle":4.70866},{"class":"enemy","type":"wall crawler","pos":[66.6205,28.5807],"color":0,"angle":4.70866},{"class":"enemy","type":"wall crawler","pos":[66.6605,29.1007],"color":0,"angle":3.9473},{"class":"enemy","type":"wall crawler","pos":[67.0005,29.4007],"color":0,"angle":3.13074},{"class":"enemy","type":"wall crawler","pos":[67.4605,29.3607],"color":0,"angle":3.13074},{"class":"enemy","type":"wall crawler","pos":[68.0205,29.3607],"color":0,"angle":3.13074},{"class":"enemy","type":"wall crawler","pos":[68.3405,29.0407],"color":0,"angle":2.4723},{"class":"enemy","type":"wall crawler","pos":[68.3605,28.5207],"color":0,"angle":1.53828},{"class":"enemy","type":"wall crawler","pos":[68.4205,28.0207],"color":0,"angle":1.53828},{"class":"enemy","type":"wall crawler","pos":[68.3805,27.5207],"color":0,"angle":1.53828},{"class":"enemy","type":"wall crawler","pos":[68.4005,27.0207],"color":0,"angle":1.53828},{"class":"enemy","type":"wall crawler","pos":[68.3805,26.5007],"color":0,"angle":1.53828},{"class":"enemy","type":"wall crawler","pos":[68.3405,26.0207],"color":0,"angle":1.53828},{"class":"enemy","type":"wall crawler","pos":[68.3605,25.5407],"color":0,"angle":1.53828},{"class":"enemy","type":"wall crawler","pos":[68.3405,25.0407],"color":0,"angle":1.53828},{"class":"enemy","type":"wall crawler","pos":[66.6205,25.1007],"color":0,"angle":4.70866}],"cells":[[1,1,1,1,1,1,1,1,1,1,1,1,1,1,1,1,1,1,1,1,1,1,1,1,1,1,1,1,1,1,1,1,1,1,1,1,1,1,1,1,1,1,1,1,1,1,1,1,1,1,1,1,1,1,1,1,1,1,1,1,1,1,1,1,1,1,1,1,1,1,1,1],[1,1,1,1,1,1,1,1,1,1,1,1,1,1,1,1,1,1,1,1,1,1,1,1,1,1,1,1,1,1,1,1,1,1,1,1,1,1,1,1,1,1,1,1,1,1,1,1,1,1,1,1,1,1,1,1,1,1,1,1,1,1,1,1,1,1,1,1,1,1,1,1],[1,1,1,1,1,1,1,1,1,1,1,1,1,1,1,1,1,1,1,1,1,1,1,1,1,1,1,1,1,1,1,1,1,1,1,1,1,1,1,1,1,1,1,1,1,1,1,1,1,1,1,1,1,1,1,1,1,1,1,1,1,1,1,1,1,1,1,1,1,1,1,1],[1,1,1,1,1,1,1,1,1,1,1,1,1,1,1,1,1,0,0,0,0,0,0,0,0,0,0,0,0,0,0,0,0,0,0,0,0,0,0,0,0,0,0,0,1,1,1,1,0,0,0,0,0,0,0,0,3,1,1,1,1,1,1,1,1,1,1,1,1,1,1,1],[1,1,1,1,1,1,1,1,1,1,1,1,1,1,1,1,1,0,0,0,0,0,0,0,0,0,0,0,0,0,0,0,0,0,0,0,0,0,0,0,0,0,0,0,1,1,1,1,1,1,0,0,0,0,0,0,0,3,1,1,1,1,1,1,1,1,1,1,1,1,1,1],[1,1,1,1,1,1,1,1,1,1,1,1,1,1,1,1,1,0,0,0,0,0,0,0,0,0,0,0,0,0,0,0,0,0,0,0,0,0,0,0,0,0,0,0,1,1,1,1,1,1,0,0,0,0,0,0,0,0,3,1,1,1,1,1,1,1,1,1,1,1,1,1],[1,1,1,1,1,1,1,1,1,1,1,1,1,1,1,1,1,0,0,0,0,0,0,0,0,0,0,0,0,0,0,0,0,0,0,0,0,0,0,0,0,0,0,0,1,1,1,1,1,1,0,0,0,0,4,0,0,0,0,3,1,1,1,1,1,1,1,1,1,1,1,1],[1,1,1,1,1,1,1,1,1,1,1,1,1,1,1,1,1,0,0,0,0,0,0,0,0,0,0,0,0,0,0,0,0,0,0,0,0,0,0,0,0,0,0,0,1,1,1,1,1,1,0,0,0,0,1,4,0,0,0,0,3,1,1,1,1,1,1,1,1,1,1,1],[1,1,1,1,1,1,1,1,1,1,1,1,1,1,1,1,1,0,0,0,0,0,0,0,0,0,0,0,0,0,0,0,0,0,0,0,0,0,0,0,0,0,0,0,1,1,1,1,1,1,0,0,0,0,1,1,4,0,0,0,0,3,1,1,1,1,1,1,1,1,1,1],[1,1,1,1,1,1,1,1,1,1,1,1,1,1,1,1,1,0,0,0,0,0,0,0,0,0,0,0,0,0,0,0,0,0,0,0,0,0,0,0,0,0,0,0,0,0,0,0,0,0,0,0,0,0,1,1,1,4,0,0,0,0,3,1,1,1,1,1,1,1,1,1],[1,1,1,1,1,1,1,1,1,1,1,1,1,1,1,1,1,0,0,0,0,0,0,0,0,0,0,0,0,0,0,0,0,0,0,0,0,0,0,0,0,0,0,0,0,0,0,0,0,0,0,0,0,0,1,1,1,1,4,0,0,0,0,3,1,1,1,1,1,1,1,1],[1,1,1,0,0,0,0,0,0,0,0,0,0,0,0,0,0,0,1,1,1,1,1,1,1,1,1,1,1,1,1,1,1,1,1,1,1,1,1,1,1,1,1,0,5,1,1,1,1,1,1,1,1,1,1,1,1,1,1,4,0,0,0,0,3,1,1,1,1,1,1,1],[1,1,1,0,0,0,0,0,0,0,0,0,0,0,0,0,0,0,1,1,1,1,1,1,1,1,1,1,1,1,1,1,1,1,1,1,1,1,1,1,1,1,1,5,1,1,1,1,1,1,1,1,1,1,1,1,1,1,1,1,4,0,0,0,0,3,1,1,1,1,1,1],[1,1,1,0,0,0,0,0,0,0,0,0,0,0,0,0,0,0,1,0,0,0,0,0,0,0,0,0,0,0,0,0,0,0,1,1,1,1,1,1,1,1,1,1,1,1,1,1,1,1,1,1,1,1,1,1,1,1,1,1,1,4,0,0,0,0,3,1,1,1,1,1],[1,1,1,0,0,0,0,0,0,0,0,0,0,0,0,0,0,0,1,0,0,0,0,0,0,0,0,0,0,0,0,0,0,0,1,1,1,1,1,1,1,1,1,1,1,1,1,1,1,1,1,1,1,1,1,1,1,1,1,1,1,1,4,0,0,0,0,3,1,1,1,1],[1,1,1,0,0,0,0,0,0,0,0,0,0,0,0,0,0,0,1,0,0,0,0,0,0,0,0,0,0,0,0,0,0,0,1,1,1,1,1,1,1,1,1,1,1,1,1,1,1,1,1,1,1,1,1,1,1,1,1,1,1,1,1,4,0,0,0,0,3,1,1,1],[1,1,1,0,0,0,0,0,0,0,0,0,0,0,0,0,0,0,1,0,0,0,0,0,0,0,0,0,0,0,0,0,0,0,0,0,0,0,0,0,0,0,0,0,0,0,0,0,0,0,0,0,0,0,0,0,0,1,1,1,1,1,1,1,4,0,0,0,0,3,1,1],[1,1,1,0,0,0,0,0,0,0,0,0,0,0,0,0,0,0,1,0,0,0,0,0,0,0,0,0,0,0,0,0,0,0,0,0,0,0,0,0,0,0,0,0,0,0,0,0,0,0,0,0,0,0,0,0,0,1,1,1,1,1,1,1,1,4,0,0,0,0,1,1],[1,1,1,0,0,0,0,0,0,0,0,0,0,0,0,0,0,0,1,0,0,0,0,0,0,0,0,0,0,0,0,0,0,5,4,0,0,5,4,0,0,0,0,0,0,0,0,0,0,0,0,0,0,0,0,0,0,1,1,1,1,1,1,1,1,1,4,0,0,0,1,1],[1,1,1,0,0,0,0,0,0,0,0,0,0,0,0,0,0,0,1,0,0,0,0,0,0,0,0,0,0,0,0,0,5,1,1,4,5,1,1,4,0,0,0,0,0,0,0,0,0,0,0,0,0,0,0,0,0,1,1,1,1,1,1,1,1,1,1,4,0,0,1,1],[1,1,1,0,0,0,0,0,0,0,0,0,0,0,0,0,0,0,1,1,1,1,1,1,1,1,1,1,1,1,1,1,1,1,1,1,1,1,1,1,1,1,1,0,1,1,1,1,1,1,0,0,0,0,0,0,0,1,1,1,1,1,1,1,1,1,1,1,4,0,1,1],[1,1,1,0,0,0,0,0,0,0,0,0,0,0,0,0,0,0,1,1,1,1,1,1,1,1,1,1,1,1,1,1,1,1,1,1,1,1,1,1,1,1,1,0,1,1,1,1,1,1,4,0,0,0,0,0,0,1,1,1,1,1,1,1,1,1,1,1,1,0,1,1],[1,1,1,1,1,1,1,1,1,1,1,1,1,1,1,1,1,1,1,1,1,1,1,1,1,1,1,1,1,1,1,1,1,1,1,1,1,1,1,1,1,1,1,0,1,1,1,1,1,1,1,0,0,0,0,0,0,1,1,1,1,1,1,1,1,1,1,1,1,0,1,1],[1,1,1,1,1,1,1,1,1,1,1,1,1,1,1,1,1,1,1,1,1,1,1,1,1,1,1,1,1,1,1,1,1,1,1,1,1,1,1,1,1,1,1,0,1,1,1,1,1,1,1,4,0,0,0,0,0,1,1,1,1,1,1,1,1,1,1,1,1,0,1,1],[1,1,1,1,1,1,1,1,1,1,1,1,1,1,1,1,1,1,1,1,1,1,1,1,1,1,1,1,1,1,1,1,1,1,1,1,1,1,1,1,1,1,1,0,0,0,0,0,0,0,0,0,0,0,0,0,0,0,0,0,0,0,0,0,0,0,0,0,0,0,1,1],[1,1,1,1,1,1,1,1,1,1,1,1,1,1,1,1,1,1,1,1,1,1,1,1,1,1,1,1,1,1,1,1,1,1,1,1,1,1,1,1,1,1,1,1,1,1,1,1,1,1,1,1,1,1,4,0,0,0,0,0,0,0,1,0,0,0,0,1,0,0,1,1],[1,1,1,1,1,1,1,1,1,1,1,1,1,1,1,1,1,1,1,1,1,1,1,1,1,1,1,1,1,1,1,1,1,1,1,1,1,1,1,1,1,1,1,1,1,1,1,1,1,1,1,1,1,1,1,1,1,1,4,0,0,0,1,0,0,0,0,1,0,0,1,1],[1,1,1,1,1,1,1,1,1,1,1,1,1,1,1,1,1,1,1,1,1,1,1,1,1,1,1,1,1,1,1,1,1,1,1,1,1,1,1,1,1,1,1,1,1,1,1,1,1,1,1,1,1,1,1,0,0,0,0,0,0,0,1,0,0,0,0,1,0,0,1,1],[1,1,1,1,1,1,1,1,1,1,1,1,1,1,1,1,1,1,1,1,1,1,1,1,1,1,1,1,1,1,1,1,1,1,1,1,1,1,1,1,1,1,1,1,1,1,1,1,1,1,1,1,1,1,1,0,0,0,0,0,0,0,1,0,0,0,0,1,0,0,1,1],[1,1,1,1,1,1,1,1,1,1,1,1,1,1,1,1,1,1,1,1,1,1,1,1,1,1,1,1,1,1,1,1,1,1,1,1,1,1,1,1,1,1,1,1,1,1,1,1,1,1,1,1,1,1,1,0,0,0,0,0,0,0,0,0,0,0,0,0,0,0,1,1],[1,1,1,1,1,1,1,1,1,1,1,1,1,1,1,1,1,1,1,1,1,1,1,1,1,1,1,1,1,1,1,1,1,1,1,1,1,1,1,1,1,1,1,1,1,1,1,1,1,1,1,1,1,1,1,0,0,0,0,0,0,0,0,0,0,0,0,0,0,0,1,1],[1,1,1,1,1,1,1,1,1,1,1,1,1,1,1,1,1,1,1,1,1,1,1,1,1,1,1,1,1,1,1,1,1,1,1,1,1,1,1,1,1,1,1,1,1,1,1,1,1,1,1,1,1,1,1,0,0,0,0,0,0,0,0,0,0,0,0,0,0,0,1,1]]}
