{"unique_id":972413507,"width":24,"height":16,"start":[7,6],"end":[18,11],"entities":[{"class":"wall","start":[11,9],"end":[12,8],"oneway":true,"open":false,"color":0},{"class":"wall","start":[12,8],"end":[13,7],"oneway":true,"open":false,"color":0},{"class":"wall","start":[13,7],"end":[14,6],"oneway":true,"open":false,"color":0},{"class":"wall","start":[15,12],"end":[16,11],"oneway":true,"open":false,"color":0},{"class":"wall","start":[16,11],"end":[17,10],"oneway":true,"open":false,"color":0},{"class":"wall","start":[17,10],"end":[18,9],"oneway":true,"open":false,"color":0},{"class":"wall","start":[18,9],"end":[19,8],"oneway":true,"open":false,"color":0},{"class":"wall","start":[8,8],"end":[9,7],"oneway":true,"open":false,"color":0},{"class":"wall","start":[9,7],"end":[10,6],"oneway":true,"open":false,"color":0},{"class":"wall","start":[12,10],"end":[11,9],"oneway":false,"open":false,"color":0},{"class":"wall","start":[13,11],"end":[12,10],"oneway":false,"open":false,"color":0},{"class":"wall","start":[14,12],"end":[13,11],"oneway":false,"open":false,"color":0},{"class":"wall","start":[9,11],"end":[8,12],"oneway":false,"open":false,"color":0},{"class":"wall","start":[10,10],"end":[9,11],"oneway":false,"open":false,"color":0},{"class":"wall","start":[10,10],"end":[11,9],"oneway":false,"open":false,"color":0},{"class":"wall","start":[14,12],"end":[14,11],"oneway":false,"open":false,"color":0},{"class":"wall","start":[14,10],"end":[14,11],"oneway":false,"open":false,"color":0},{"class":"wall","start":[14,9],"end":[14,10],"oneway":false,"open":false,"color":0},{"class":"wall","start":[14,8],"end":[14,9],"oneway":false,"open":false,"color":0},{"class":"wall","start":[14,7],"end":[14,8],"oneway":false,"open":false,"color":0},{"class":"wall","start":[14,7],"end":[14,6],"oneway":false,"open":false,"color":0},{"class":"wall","start":[14,12],"end":[14,11],"oneway":true,"open":false,"color":0},{"class":"wall","start":[14,11],"end":[14,10],"oneway":true,"open":false,"color":0},{"class":"wall","start":[14,10],"end":[14,9],"oneway":true,"open":false,"color":0},{"class":"wall","start":[14,9],"end":[14,8],"oneway":true,"open":false,"color":0},{"class":"wall","start":[14,8],"end":[14,7],"oneway":true,"open":false,"color":0},{"class":"wall","start":[14,7],"end":[14,6],"oneway":true,"open":false,"color":0},{"class":"wall","start":[16,11],"end":[16,12],"oneway":true,"open":false,"color":0},{"class":"wall","start":[19,9],"end":[18,9],"oneway":true,"open":false,"color":0},{"class":"button","type":0,"pos":[11,10.98],"walls":[16]},{"class":"button","type":0,"pos":[12.98,8.98],"walls":[12]},{"class":"button","type":1,"pos":[8.42,6.5],"walls":[12,16]},{"class":"enemy","type":"wall crawler","pos":[14.62,6.38],"color":0,"angle":0},{"class":"enemy","type":"wall crawler","pos":[10.56,6.36],"color":0,"angle":0},{"class":"enemy","type":"wall crawler","pos":[11.32,11.7],"color":0,"angle":6.27381},{"class":"enemy","type":"wall crawler","pos":[16.4,10.08],"color":0,"angle":2.35944},{"class":"enemy","type":"wall crawler","pos":[9.74,9.72],"color":0,"angle":2.35474},{"class":"enemy","type":"wall crawler","pos":[13.5,8.4],"color":0,"angle":4.81441}],"cells":[[1,1,1,1,1,1,1,1,1,1,1,1,1,1,1,1,1,1,1,1,1,1,1,1],[1,1,1,1,1,1,1,1,1,1,1,1,1,1,1,1,1,1,1,1,1,1,1,1],[1,1,1,1,1,1,1,1,1,1,1,1,1,1,1,1,1,1,1,1,1,1,1,1],[1,1,1,1,1,1,1,1,1,1,1,1,1,1,1,1,1,1,1,1,1,1,1,1],[1,1,1,1,1,1,1,1,1,1,1,1,1,1,1,1,1,1,1,1,1,1,1,1],[1,1,1,1,1,1,1,1,1,1,1,1,1,1,1,1,1,1,1,1,1,1,1,1],[1,1,1,1,1,1,1,0,0,0,0,0,0,0,0,0,0,0,0,1,1,1,1,1],[1,1,1,1,1,1,1,1,0,0,0,0,0,0,0,0,0,0,0,1,1,1,1,1],[1,1,1,1,1,1,1,1,0,0,0,0,0,0,0,0,0,0,0,1,1,1,1,1],[1,1,1,1,1,1,1,1,0,0,0,0,0,0,0,0,0,0,0,1,1,1,1,1],[1,1,1,1,1,1,1,1,0,0,0,0,0,0,0,0,0,0,0,1,1,1,1,1],[1,1,1,1,1,1,1,1,0,0,0,0,0,0,0,0,0,0,0,1,1,1,1,1],[1,1,1,1,1,1,1,1,1,1,1,1,1,1,1,1,1,1,1,1,1,1,1,1],[1,1,1,1,1,1,1,1,1,1,1,1,1,1,1,1,1,1,1,1,1,1,1,1],[1,1,1,1,1,1,1,1,1,1,1,1,1,1,1,1,1,1,1,1,1,1,1,1],[1,1,1,1,1,1,1,1,1,1,1,1,1,1,1,1,1,1,1,1,1,1,1,1]]}
