{"unique_id":727140920,"width":24,"height":32,"start":[17,1],"end":[17,22],"entities":[{"class":"wall","start":[18,1],"end":[18,2],"oneway":true,"open":false,"color":0},{"class":"wall","start":[17,1],"end":[18,1],"oneway":true,"open":false,"color":0},{"class":"wall","start":[18,22],"end":[18,23],"oneway":true,"open":false,"color":0},{"class":"wall","start":[18,23],"end":[17,23],"oneway":true,"open":false,"color":0},{"class":"wall","start":[7,22],"end":[6,22],"oneway":false,"open":false,"color":0},{"class":"wall","start":[7,22],"end":[8,22],"oneway":false,"open":false,"color":0},{"class":"wall","start":[8,17],"end":[7,16],"oneway":true,"open":false,"color":0},{"class":"wall","start":[7,16],"end":[6,15],"oneway":true,"open":false,"color":0},{"class":"wall","start":[16,24],"end":[15,24],"oneway":true,"open":false,"color":0},{"class":"wall","start":[17,24],"end":[16,24],"oneway":true,"open":false,"color":0},{"class":"wall","start":[15,28],"end":[16,28],"oneway":false,"open":false,"color":0},{"class":"wall","start":[16,28],"end":[17,28],"oneway":false,"open":false,"color":0},{"class":"wall","start":[13,22],"end":[13,23],"oneway":false,"open":false,"color":0},{"class":"cog","pos":[11.4461,7.52978]},{"class":"cog","pos":[11.4754,16.4751]},{"class":"cog","pos":[2.49099,22.4684]},{"class":"button","type":0,"pos":[8.54244,10.5588],"walls":[4,5,10,11,12]},{"class":"button","type":0,"pos":[8.4839,13.5129],"walls":[5,4,10,11,12]},{"class":"button","type":0,"pos":[14.467,19.496],"walls":[5,4,10,11,12]},{"class":"button","type":0,"pos":[14.4646,4.50208],"walls":[4,5,12,10,11]},{"class":"enemy","type":"wheeligator","pos":[2.64541,22.4865],"color":0,"angle":0},{"class":"enemy","type":"wheeligator","pos":[3.64718,22.4713],"color":0,"angle":0},{"class":"enemy","type":"wheeligator","pos":[4.67931,22.4713],"color":0,"angle":0},{"class":"enemy","type":"wheeligator","pos":[5.68108,22.5017],"color":0,"angle":0},{"class":"enemy","type":"wheeligator","pos":[6.68285,22.4865],"color":0,"angle":0},{"class":"enemy","type":"wheeligator","pos":[7.65427,22.4865],"color":0,"angle":0},{"class":"enemy","type":"wheeligator","pos":[8.67122,22.4865],"color":0,"angle":0},{"class":"enemy","type":"wheeligator","pos":[9.65781,22.5017],"color":0,"angle":0},{"class":"enemy","type":"wheeligator","pos":[10.6292,22.5017],"color":0,"angle":0},{"class":"enemy","type":"wheeligator","pos":[11.631,22.4713],"color":0,"angle":0},{"class":"enemy","type":"wheeligator","pos":[2.40255,22.4106],"color":0,"angle":3.13132},{"class":"enemy","type":"wheeligator","pos":[3.41951,22.3954],"color":0,"angle":3.13132},{"class":"enemy","type":"wheeligator","pos":[4.43645,22.3802],"color":0,"angle":3.13132},{"class":"enemy","type":"wheeligator","pos":[5.43823,22.3802],"color":0,"angle":3.13132},{"class":"enemy","type":"wheeligator","pos":[6.44,22.3651],"color":0,"angle":3.13132},{"class":"enemy","type":"wheeligator","pos":[7.44177,22.3651],"color":0,"angle":3.13132},{"class":"enemy","type":"wheeligator","pos":[8.38283,22.4258],"color":0,"angle":3.13132},{"class":"enemy","type":"wheeligator","pos":[9.35424,22.4106],"color":0,"angle":3.13132},{"class":"enemy","type":"wheeligator","pos":[10.4167,22.3802],"color":0,"angle":3.13132},{"class":"enemy","type":"wheeligator","pos":[11.3578,22.3499],"color":0,"angle":3.13132},{"class":"enemy","type":"wheeligator","pos":[11.6369,28.4768],"color":0,"angle":0},{"class":"enemy","type":"wheeligator","pos":[12.6636,28.4768],"color":0,"angle":0},{"class":"enemy","type":"wheeligator","pos":[13.639,28.4939],"color":0,"angle":0},{"class":"enemy","type":"wheeligator","pos":[14.6487,28.4425],"color":0,"angle":0},{"class":"enemy","type":"wheeligator","pos":[15.6241,28.4425],"color":0,"angle":0},{"class":"enemy","type":"wheeligator","pos":[16.5995,28.4939],"color":0,"angle":0},{"class":"enemy","type":"wheeligator","pos":[17.5921,28.4768],"color":0,"angle":0},{"class":"enemy","type":"wheeligator","pos":[18.5504,28.4768],"color":0,"angle":0},{"class":"enemy","type":"wheeligator","pos":[19.5771,28.4768],"color":0,"angle":0},{"class":"enemy","type":"wheeligator","pos":[20.621,28.4768],"color":0,"angle":0},{"class":"enemy","type":"wheeligator","pos":[11.4144,28.4083],"color":0,"angle":3.09553},{"class":"enemy","type":"wheeligator","pos":[12.4069,28.4597],"color":0,"angle":3.09553},{"class":"enemy","type":"wheeligator","pos":[13.3652,28.3912],"color":0,"angle":3.09553},{"class":"enemy","type":"wheeligator","pos":[14.3578,28.4425],"color":0,"angle":3.09553},{"class":"enemy","type":"wheeligator","pos":[15.3845,28.4597],"color":0,"angle":3.09553},{"class":"enemy","type":"wheeligator","pos":[16.3771,28.4083],"color":0,"angle":3.09553},{"class":"enemy","type":"wheeligator","pos":[17.3696,28.4254],"color":0,"angle":3.09553},{"class":"enemy","type":"wheeligator","pos":[18.4135,28.4768],"color":0,"angle":3.09553},{"class":"enemy","type":"wheeligator","pos":[19.4744,28.4768],"color":0,"angle":3.09553},{"class":"enemy","type":"wheeligator","pos":[20.3814,28.4254],"color":0,"angle":3.09553},{"class":"enemy","type":"spike ball","pos":[18.6686,0.330073],"color":0,"angle":0},{"class":"enemy","type":"spike ball","pos":[18.0239,0.325226],"color":0,"angle":0},{"class":"enemy","type":"spike ball","pos":[17.3841,0.315532],"color":0,"angle":0},{"class":"enemy","type":"spike ball","pos":[16.754,0.330073],"color":0,"angle":0},{"class":"enemy","type":"spike ball","pos":[16.1142,0.330073],"color":0,"angle":0},{"class":"enemy","type":"spike ball","pos":[15.4695,0.330073],"color":0,"angle":0},{"class":"enemy","type":"spike ball","pos":[14.8878,0.582125],"color":0,"angle":0},{"class":"enemy","type":"spike ball","pos":[14.4273,1.02806],"color":0,"angle":0},{"class":"enemy","type":"spike ball","pos":[13.9814,1.46915],"color":0,"angle":0},{"class":"enemy","type":"spike ball","pos":[13.55,1.91509],"color":0,"angle":0},{"class":"enemy","type":"spike ball","pos":[13.0895,2.36103],"color":0,"angle":0},{"class":"enemy","type":"spike ball","pos":[12.6387,2.81666],"color":0,"angle":0},{"class":"enemy","type":"spike ball","pos":[12.1783,3.28199],"color":0,"angle":0},{"class":"enemy","type":"spike ball","pos":[11.7372,3.72308],"color":0,"angle":0},{"class":"enemy","type":"spike ball","pos":[11.2767,4.17871],"color":0,"angle":0},{"class":"enemy","type":"spike ball","pos":[10.8211,4.6295],"color":0,"angle":0},{"class":"enemy","type":"spike ball","pos":[10.3848,5.08998],"color":0,"angle":0},{"class":"enemy","type":"spike ball","pos":[9.93888,5.53592],"color":0,"angle":0},{"class":"enemy","type":"spike ball","pos":[9.4881,5.99155],"color":0,"angle":0},{"class":"enemy","type":"spike ball","pos":[9.02762,6.43264],"color":0,"angle":0},{"class":"enemy","type":"spike ball","pos":[9.02762,6.43264],"color":0,"angle":0},{"class":"enemy","type":"spike ball","pos":[8.58994,6.87088],"color":0,"angle":0},{"class":"enemy","type":"spike ball","pos":[8.12607,7.31828],"color":0,"angle":0},{"class":"enemy","type":"spike ball","pos":[7.68636,7.7637],"color":0,"angle":0},{"class":"enemy","type":"spike ball","pos":[7.22952,8.22626],"color":0,"angle":0},{"class":"enemy","type":"spike ball","pos":[6.77267,8.67739],"color":0,"angle":0},{"class":"enemy","type":"spike ball","pos":[6.32153,9.13424],"color":0,"angle":0},{"class":"enemy","type":"spike ball","pos":[5.86469,9.57967],"color":0,"angle":0},{"class":"enemy","type":"spike ball","pos":[5.41926,10.0308],"color":0,"angle":0},{"class":"enemy","type":"spike ball","pos":[4.96813,10.4819],"color":0,"angle":0},{"class":"enemy","type":"spike ball","pos":[4.5227,10.9445],"color":0,"angle":0},{"class":"enemy","type":"spike ball","pos":[4.34567,11.5612],"color":0,"angle":0},{"class":"enemy","type":"spike ball","pos":[4.32854,12.218],"color":0,"angle":0},{"class":"enemy","type":"spike ball","pos":[4.32283,12.8632],"color":0,"angle":0},{"class":"enemy","type":"spike ball","pos":[4.77968,13.303],"color":0,"angle":0},{"class":"enemy","type":"spike ball","pos":[5.24795,13.7655],"color":0,"angle":0},{"class":"enemy","type":"spike ball","pos":[5.69908,14.2052],"color":0,"angle":0},{"class":"enemy","type":"spike ball","pos":[6.14451,14.6678],"color":0,"angle":0},{"class":"enemy","type":"spike ball","pos":[6.60135,15.1075],"color":0,"angle":0},{"class":"enemy","type":"spike ball","pos":[7.04678,15.5758],"color":0,"angle":0},{"class":"enemy","type":"spike ball","pos":[7.50362,16.0098],"color":0,"angle":0},{"class":"enemy","type":"spike ball","pos":[7.93763,16.478],"color":0,"angle":0},{"class":"enemy","type":"spike ball","pos":[8.38876,16.9349],"color":0,"angle":0},{"class":"enemy","type":"spike ball","pos":[8.85132,17.3746],"color":0,"angle":0},{"class":"enemy","type":"spike ball","pos":[9.29674,17.8086],"color":0,"angle":0},{"class":"enemy","type":"spike ball","pos":[9.73646,18.294],"color":0,"angle":0},{"class":"enemy","type":"spike ball","pos":[10.2333,18.7052],"color":0,"angle":0},{"class":"enemy","type":"spike ball","pos":[10.6501,19.1906],"color":0,"angle":0},{"class":"enemy","type":"spike ball","pos":[11.1241,19.6645],"color":0,"angle":0},{"class":"enemy","type":"spike ball","pos":[11.5924,20.1157],"color":0,"angle":0},{"class":"enemy","type":"spike ball","pos":[12.0492,20.5668],"color":0,"angle":0},{"class":"enemy","type":"spike ball","pos":[12.5061,21.0179],"color":0,"angle":0},{"class":"enemy","type":"spike ball","pos":[12.9572,21.4748],"color":0,"angle":0},{"class":"enemy","type":"spike ball","pos":[14.7789,23.2965],"color":0,"angle":0},{"class":"enemy","type":"spike ball","pos":[15.3271,23.6448],"color":0,"angle":0},{"class":"enemy","type":"spike ball","pos":[15.9438,23.6791],"color":0,"angle":0},{"class":"enemy","type":"spike ball","pos":[16.5777,23.6734],"color":0,"angle":0},{"class":"enemy","type":"spike ball","pos":[17.2116,23.6734],"color":0,"angle":0},{"class":"enemy","type":"spike ball","pos":[17.8455,23.6848],"color":0,"angle":0},{"class":"enemy","type":"spike ball","pos":[18.4679,23.6562],"color":0,"angle":0},{"class":"enemy","type":"spike ball","pos":[18.6735,23.0338],"color":0,"angle":0},{"class":"enemy","type":"spike ball","pos":[18.6678,22.3771],"color":0,"angle":0},{"class":"enemy","type":"spike ball","pos":[18.6507,21.7489],"color":0,"angle":0},{"class":"enemy","type":"spike ball","pos":[18.6792,21.0751],"color":0,"angle":0},{"class":"enemy","type":"spike ball","pos":[18.6507,20.4298],"color":0,"angle":0},{"class":"enemy","type":"spike ball","pos":[18.3194,19.853],"color":0,"angle":0},{"class":"enemy","type":"spike ball","pos":[17.8797,19.3733],"color":0,"angle":0},{"class":"enemy","type":"spike ball","pos":[17.4286,18.905],"color":0,"angle":0},{"class":"enemy","type":"spike ball","pos":[17.0003,18.4482],"color":0,"angle":0},{"class":"enemy","type":"spike ball","pos":[16.5492,18.0085],"color":0,"angle":0},{"class":"enemy","type":"spike ball","pos":[16.0923,17.5516],"color":0,"angle":0},{"class":"enemy","type":"spike ball","pos":[15.6469,17.1176],"color":0,"angle":0},{"class":"enemy","type":"spike ball","pos":[15.2015,16.6779],"color":0,"angle":0},{"class":"enemy","type":"spike ball","pos":[14.756,16.2096],"color":0,"angle":0},{"class":"enemy","type":"spike ball","pos":[14.2878,15.7528],"color":0,"angle":0},{"class":"enemy","type":"spike ball","pos":[13.8309,15.3131],"color":0,"angle":0},{"class":"enemy","type":"spike ball","pos":[13.3798,14.8448],"color":0,"angle":0},{"class":"enemy","type":"spike ball","pos":[12.9344,14.3937],"color":0,"angle":0},{"class":"enemy","type":"spike ball","pos":[12.4547,13.9483],"color":0,"angle":0},{"class":"enemy","type":"spike ball","pos":[11.9921,13.4743],"color":0,"angle":0},{"class":"enemy","type":"spike ball","pos":[11.541,13.0003],"color":0,"angle":0},{"class":"enemy","type":"spike ball","pos":[11.0842,12.5549],"color":0,"angle":0},{"class":"enemy","type":"spike ball","pos":[10.6673,12.0466],"color":0,"angle":0},{"class":"enemy","type":"spike ball","pos":[11.0385,11.4927],"color":0,"angle":0},{"class":"enemy","type":"spike ball","pos":[11.4782,10.9902],"color":0,"angle":0},{"class":"enemy","type":"spike ball","pos":[11.9407,10.5733],"color":0,"angle":0},{"class":"enemy","type":"spike ball","pos":[12.3862,10.1222],"color":0,"angle":0},{"class":"enemy","type":"spike ball","pos":[12.8504,9.68996],"color":0,"angle":0},{"class":"enemy","type":"spike ball","pos":[13.2923,9.23319],"color":0,"angle":0},{"class":"enemy","type":"spike ball","pos":[13.7243,8.76153],"color":0,"angle":0},{"class":"enemy","type":"spike ball","pos":[14.2009,8.33455],"color":0,"angle":0},{"class":"enemy","type":"spike ball","pos":[14.6428,7.89765],"color":0,"angle":0},{"class":"enemy","type":"spike ball","pos":[15.0946,7.42599],"color":0,"angle":0},{"class":"enemy","type":"spike ball","pos":[15.5513,6.96922],"color":0,"angle":0},{"class":"enemy","type":"spike ball","pos":[16.0131,6.52238],"color":0,"angle":0},{"class":"enemy","type":"spike ball","pos":[16.4599,6.07058],"color":0,"angle":0},{"class":"enemy","type":"spike ball","pos":[16.9018,5.59892],"color":0,"angle":0},{"class":"enemy","type":"spike ball","pos":[17.3585,5.15705],"color":0,"angle":0},{"class":"enemy","type":"spike ball","pos":[17.8103,4.73007],"color":0,"angle":0},{"class":"enemy","type":"spike ball","pos":[18.2572,4.26834],"color":0,"angle":0},{"class":"enemy","type":"spike ball","pos":[18.6792,0.981614],"color":0,"angle":0},{"class":"enemy","type":"spike ball","pos":[18.6593,1.63697],"color":0,"angle":0},{"class":"enemy","type":"spike ball","pos":[18.6742,2.30226],"color":0,"angle":0},{"class":"enemy","type":"spike ball","pos":[18.6792,2.94769],"color":0,"angle":0},{"class":"enemy","type":"spike ball","pos":[18.6047,3.69242],"color":0,"angle":0}],"cells":[[1,1,1,1,1,1,1,1,1,1,1,1,1,1,2,0,0,0,0,1,1,1,1,1],[1,1,1,1,1,1,1,1,1,1,1,1,1,2,0,0,0,0,0,1,1,1,1,1],[1,1,1,1,1,1,1,1,1,1,1,1,2,0,0,5,4,0,0,1,1,1,1,1],[1,1,1,1,1,1,1,1,1,1,1,2,0,0,0,3,2,0,0,1,1,1,1,1],[1,1,1,1,1,1,1,1,1,1,2,0,0,0,0,0,0,0,5,1,1,1,1,1],[1,1,1,1,1,1,1,1,1,2,0,0,5,4,0,0,0,5,1,1,1,1,1,1],[1,1,1,1,1,1,1,1,2,0,0,0,3,2,0,0,5,1,1,1,1,1,1,1],[1,1,1,1,1,1,1,2,0,0,0,0,0,0,0,5,1,1,1,1,1,1,1,1],[1,1,1,1,1,1,2,0,0,5,4,0,0,0,5,1,1,1,1,1,1,1,1,1],[1,1,1,1,1,2,0,0,0,3,2,0,0,5,1,1,1,1,1,1,1,1,1,1],[1,1,1,1,2,0,0,0,0,0,0,0,5,1,1,1,1,1,1,1,1,1,1,1],[1,1,1,1,0,0,5,4,0,0,0,5,1,1,1,1,1,1,1,1,1,1,1,1],[1,1,1,1,0,0,3,2,0,0,0,3,1,1,1,1,1,1,1,1,1,1,1,1],[1,1,1,1,4,0,0,0,0,0,0,0,3,1,1,1,1,1,1,1,1,1,1,1],[1,1,1,1,1,4,0,0,0,5,4,0,0,3,1,1,1,1,1,1,1,1,1,1],[1,1,1,1,1,1,0,0,0,3,2,0,0,0,3,1,1,1,1,1,1,1,1,1],[1,1,1,1,1,1,0,0,0,0,0,0,0,0,0,3,1,1,1,1,1,1,1,1],[1,1,1,1,1,1,0,0,4,0,0,0,5,4,0,0,3,1,1,1,1,1,1,1],[1,1,1,1,1,1,0,0,1,4,0,0,3,2,0,0,0,3,1,1,1,1,1,1],[1,1,1,1,1,1,0,0,1,1,4,0,0,0,0,0,0,0,3,1,1,1,1,1],[1,1,1,1,1,1,0,0,1,1,1,4,0,0,0,5,4,0,0,1,1,1,1,1],[1,1,1,1,1,1,0,0,1,1,1,1,4,0,0,3,2,0,0,1,1,1,1,1],[1,1,0,0,0,0,0,0,0,0,0,0,0,0,0,0,0,0,0,1,1,1,1,1],[1,1,1,1,1,1,1,1,1,1,1,1,1,1,4,0,0,0,0,1,1,1,1,1],[1,1,1,1,1,1,1,1,1,1,1,1,1,1,1,0,0,1,1,1,1,1,1,1],[1,1,1,1,1,1,1,1,1,1,1,1,1,1,1,0,0,1,1,1,1,1,1,1],[1,1,1,1,1,1,1,1,1,1,1,1,1,1,1,0,0,1,1,1,1,1,1,1],[1,1,1,1,1,1,1,1,1,1,1,1,1,1,1,0,0,1,1,1,1,1,1,1],[1,1,1,1,1,1,1,1,1,1,1,0,0,0,0,0,0,0,0,0,0,1,1,1],[1,1,1,1,1,1,1,1,1,1,1,1,1,1,1,1,1,1,1,1,1,1,1,1],[1,1,1,1,1,1,1,1,1,1,1,1,1,1,1,1,1,1,1,1,1,1,1,1],[1,1,1,1,1,1,1,1,1,1,1,1,1,1,1,1,1,1,1,1,1,1,1,1]]}
