{"unique_id":1699178564,"width":32,"height":32,"start":[16,15],"end":[16,28],"entities":[{"class":"wall","start":[15,23],"end":[16,23],"oneway":false,"open":false,"color":0},{"class":"wall","start":[16,23],"end":[17,23],"oneway":false,"open":false,"color":0},{"class":"wall","start":[15,24],"end":[16,24],"oneway":false,"open":false,"color":0},{"class":"wall","start":[16,24],"end":[17,24],"oneway":false,"open":false,"color":0},{"class":"wall","start":[15,25],"end":[16,25],"oneway":false,"open":false,"color":0},{"class":"wall","start":[16,25],"end":[17,25],"oneway":false,"open":false,"color":0},{"class":"wall","start":[16,26],"end":[15,26],"oneway":false,"open":false,"color":0},{"class":"wall","start":[17,26],"end":[16,26],"oneway":false,"open":false,"color":0},{"class":"wall","start":[16,27],"end":[15,27],"oneway":false,"open":false,"color":0},{"class":"wall","start":[17,27],"end":[16,27],"oneway":false,"open":false,"color":0},{"class":"wall","start":[15,28],"end":[16,28],"oneway":false,"open":false,"color":0},{"class":"wall","start":[16,28],"end":[17,28],"oneway":false,"open":false,"color":0},{"class":"cog","pos":[15.4896,29.4446]},{"class":"cog","pos":[15.9855,13.4752]},{"class":"cog","pos":[11.5363,22.5013]},{"class":"button","type":0,"pos":[6.50042,10.455],"walls":[0,1]},{"class":"button","type":0,"pos":[4.49691,17.5319],"walls":[6,7]},{"class":"button","type":0,"pos":[11.4446,8.35451],"walls":[10,11]},{"class":"button","type":0,"pos":[20.525,8.38682],"walls":[2,3]},{"class":"button","type":0,"pos":[25.5338,10.3903],"walls":[9,8]},{"class":"button","type":0,"pos":[27.5373,17.4026],"walls":[4,5]},{"class":"enemy","type":"wall avoider","pos":[13.5571,19.4542],"color":2,"angle":0},{"class":"enemy","type":"wall avoider","pos":[18.4383,19.4034],"color":1,"angle":0},{"class":"enemy","type":"corrosion cloud","pos":[13.5082,19.4135],"color":2,"angle":0},{"class":"enemy","type":"corrosion cloud","pos":[18.4736,19.4867],"color":1,"angle":0},{"class":"enemy","type":"popper","pos":[15.9825,24.4926],"color":0,"angle":0},{"class":"enemy","type":"rocket spider","pos":[16.0099,25.5415],"color":0,"angle":0},{"class":"enemy","type":"hunter","pos":[16.0239,26.5045],"color":0,"angle":0},{"class":"enemy","type":"stalacbat","pos":[15.5354,29.7283],"color":2,"angle":0},{"class":"enemy","type":"stalacbat","pos":[16.4426,29.7283],"color":1,"angle":0},{"class":"enemy","type":"shock hawk","pos":[15.4909,27.4734],"color":1,"angle":0},{"class":"enemy","type":"shock hawk","pos":[16.4872,27.4586],"color":2,"angle":0},{"class":"enemy","type":"wall crawler","pos":[16.0467,23.4013],"color":0,"angle":0}],"cells":[[1,1,1,1,1,1,1,1,1,1,1,1,1,1,1,1,1,1,1,1,1,1,1,1,1,1,1,1,1,1,1,1],[1,1,1,1,1,1,1,1,1,1,1,1,1,1,1,1,1,1,1,1,1,1,1,1,1,1,1,1,1,1,1,1],[1,1,1,1,1,1,1,1,1,1,1,1,1,1,1,1,1,1,1,1,1,1,1,1,1,1,1,1,1,1,1,1],[1,1,1,1,1,1,1,1,1,1,1,1,1,1,1,1,1,1,1,1,1,1,1,1,1,1,1,1,1,1,1,1],[1,1,1,1,1,1,1,1,1,1,1,1,1,1,1,1,1,1,1,1,1,1,1,1,1,1,1,1,1,1,1,1],[1,1,1,1,1,1,1,1,1,1,1,1,1,1,1,1,1,1,1,1,1,1,1,1,1,1,1,1,1,1,1,1],[1,1,1,1,1,1,1,1,1,1,1,1,1,1,1,1,1,1,1,1,1,1,1,1,1,1,1,1,1,1,1,1],[1,1,1,1,1,1,1,1,1,1,0,0,0,1,1,1,1,1,1,0,0,0,1,1,1,1,1,1,1,1,1,1],[1,1,1,1,1,1,1,1,1,1,0,0,0,1,1,1,1,1,1,0,0,0,1,1,1,1,1,1,1,1,1,1],[1,1,1,1,1,0,0,0,1,1,4,0,0,1,1,1,1,1,1,0,0,5,1,1,0,0,0,1,1,1,1,1],[1,1,1,1,1,0,0,0,3,1,1,4,0,3,1,1,1,1,2,0,5,1,1,2,0,0,0,1,1,1,1,1],[1,1,1,1,1,4,0,0,0,3,1,1,0,0,1,1,1,1,0,0,1,1,2,0,0,0,5,1,1,1,1,1],[1,1,1,1,1,1,1,1,4,0,3,1,0,0,1,1,1,1,0,0,1,2,0,5,1,1,1,1,1,1,1,1],[1,1,1,1,1,1,1,1,1,4,0,0,0,0,0,0,0,0,0,0,0,0,5,1,1,1,1,1,1,1,1,1],[1,1,1,1,1,1,1,2,0,0,0,0,0,5,1,1,1,1,4,0,0,0,0,3,1,1,1,1,1,1,1,1],[1,1,1,1,1,1,2,0,0,0,0,0,0,2,0,0,0,0,3,0,0,0,0,0,3,1,1,1,1,1,1,1],[1,1,1,0,0,0,0,5,1,1,1,0,0,0,0,0,0,0,0,0,1,1,1,4,0,0,0,0,0,1,1,1],[1,1,1,0,0,0,1,1,1,1,2,0,0,0,0,3,2,0,0,0,0,3,1,1,1,1,0,0,0,1,1,1],[1,1,1,0,0,5,1,1,1,1,0,0,5,1,4,0,0,5,1,4,0,0,1,1,1,1,4,0,0,1,1,1],[1,1,1,1,1,1,1,1,1,1,0,0,1,0,1,0,0,1,0,1,0,0,1,1,1,1,1,1,1,1,1,1],[1,1,1,1,1,1,1,1,1,1,0,0,3,1,2,0,0,3,1,2,0,0,1,1,1,1,1,1,1,1,1,1],[1,1,1,1,1,1,1,1,1,1,0,0,0,0,0,0,0,0,0,0,0,0,1,1,1,1,1,1,1,1,1,1],[1,1,1,1,1,1,1,1,1,1,4,0,0,0,0,0,0,0,0,0,0,5,1,1,1,1,1,1,1,1,1,1],[1,1,1,1,1,1,1,1,1,1,1,1,1,1,1,0,0,1,1,1,1,1,1,1,1,1,1,1,1,1,1,1],[1,1,1,1,1,1,1,1,1,1,1,1,1,1,1,0,0,1,1,1,1,1,1,1,1,1,1,1,1,1,1,1],[1,1,1,1,1,1,1,1,1,1,1,1,1,1,1,0,0,1,1,1,1,1,1,1,1,1,1,1,1,1,1,1],[1,1,1,1,1,1,1,1,1,1,1,1,1,1,1,0,0,1,1,1,1,1,1,1,1,1,1,1,1,1,1,1],[1,1,1,1,1,1,1,1,1,1,1,1,1,1,1,0,0,1,1,1,1,1,1,1,1,1,1,1,1,1,1,1],[1,1,1,1,1,1,1,1,1,1,1,1,1,1,2,0,0,3,1,1,1,1,1,1,1,1,1,1,1,1,1,1],[1,1,1,1,1,1,1,1,1,1,1,1,1,1,4,0,0,5,1,1,1,1,1,1,1,1,1,1,1,1,1,1],[1,1,1,1,1,1,1,1,1,1,1,1,1,1,1,1,1,1,1,1,1,1,1,1,1,1,1,1,1,1,1,1],[1,1,1,1,1,1,1,1,1,1,1,1,1,1,1,1,1,1,1,1,1,1,1,1,1,1,1,1,1,1,1,1]]}
