{"unique_id":1303144381,"width":48,"height":32,"start":[13,4],"end":[35,17],"entities":[{"class":"wall","start":[18,7],"end":[19,7],"oneway":true,"open":false,"color":0},{"class":"wall","start":[19,7],"end":[20,7],"oneway":true,"open":false,"color":0},{"class":"wall","start":[24,10],"end":[24,11],"oneway":true,"open":false,"color":0},{"class":"wall","start":[11,13],"end":[10,13],"oneway":true,"open":false,"color":0},{"class":"wall","start":[12,13],"end":[11,13],"oneway":true,"open":false,"color":0},{"class":"wall","start":[13,13],"end":[12,13],"oneway":true,"open":false,"color":0},{"class":"wall","start":[14,13],"end":[13,13],"oneway":true,"open":false,"color":0},{"class":"wall","start":[15,13],"end":[14,13],"oneway":true,"open":false,"color":0},{"class":"wall","start":[16,13],"end":[15,13],"oneway":true,"open":false,"color":0},{"class":"wall","start":[17,13],"end":[16,13],"oneway":true,"open":false,"color":0},{"class":"wall","start":[18,13],"end":[17,13],"oneway":true,"open":false,"color":0},{"class":"cog","pos":[33.4678,6.47778]},{"class":"cog","pos":[6.99493,28.0356]},{"class":"cog","pos":[42.0117,22.132]},{"class":"enemy","type":"corrosion cloud","pos":[9.67369,4.55343],"color":2,"angle":0},{"class":"enemy","type":"corrosion cloud","pos":[9.67131,5.38244],"color":1,"angle":0},{"class":"enemy","type":"bomber","pos":[11.4884,13.3895],"color":0,"angle":0},{"class":"enemy","type":"headache","pos":[2.40162,16.3821],"color":1,"angle":0},{"class":"enemy","type":"headache","pos":[9.0868,23.4839],"color":2,"angle":0},{"class":"enemy","type":"jet stream","pos":[7.41965,21.4462],"color":0,"angle":3.13425},{"class":"enemy","type":"bomber","pos":[10.1181,25.7767],"color":0,"angle":0},{"class":"enemy","type":"bomber","pos":[13.5299,23.3289],"color":0,"angle":0},{"class":"enemy","type":"headache","pos":[36.5426,15.5121],"color":1,"angle":0},{"class":"enemy","type":"headache","pos":[34.5391,15.5121],"color":2,"angle":0},{"class":"enemy","type":"spike ball","pos":[30.606,15.3971],"color":0,"angle":0},{"class":"enemy","type":"spike ball","pos":[40.4823,15.352],"color":0,"angle":0},{"class":"enemy","type":"spike ball","pos":[32.5001,17.4716],"color":0,"angle":0},{"class":"enemy","type":"spike ball","pos":[38.4529,17.4265],"color":0,"angle":0},{"class":"enemy","type":"spike ball","pos":[33.9843,12.5839],"color":0,"angle":0},{"class":"enemy","type":"spike ball","pos":[36.9833,12.5614],"color":0,"angle":0},{"class":"enemy","type":"jet stream","pos":[8.01618,21.4616],"color":0,"angle":3.13197}],"cells":[[1,1,1,1,1,1,1,1,1,1,1,1,1,1,1,1,1,1,1,1,1,1,1,1,1,1,1,1,1,1,1,1,1,1,1,1,1,1,1,1,1,1,1,1,1,1,1,1],[1,1,1,1,1,1,1,1,1,1,1,1,1,1,1,1,1,1,1,1,1,1,1,1,1,1,1,1,1,1,1,1,1,1,1,1,1,1,1,1,1,1,1,1,1,1,1,1],[1,1,1,1,1,1,1,1,1,1,1,1,1,1,1,1,1,1,1,1,1,1,1,1,1,1,1,1,1,1,1,1,1,1,1,1,1,1,1,1,1,1,1,1,1,1,1,1],[1,1,1,1,1,1,1,1,1,1,1,1,1,1,1,1,1,1,1,1,1,1,1,1,1,1,1,1,1,1,1,1,1,1,1,1,1,1,1,1,1,1,1,1,1,1,1,1],[1,1,1,1,1,1,1,1,1,0,0,0,0,0,0,0,0,0,0,0,0,0,0,0,0,0,0,0,0,0,0,0,0,0,1,1,1,1,1,1,1,1,1,1,1,1,1,1],[1,1,1,1,1,1,1,1,1,0,0,0,0,0,0,0,0,0,0,0,1,1,1,1,1,1,1,1,1,1,1,1,1,0,1,1,1,1,1,1,1,1,1,1,1,1,1,1],[1,1,1,1,1,1,1,1,1,1,1,1,1,1,1,1,1,1,0,0,1,1,1,1,1,1,1,1,1,1,1,1,1,0,1,1,1,1,1,1,1,1,1,1,1,1,1,1],[1,1,1,1,1,1,1,1,1,1,1,1,1,1,1,1,1,1,0,0,3,1,1,1,1,1,1,1,1,1,1,1,1,1,1,1,1,1,1,1,1,1,1,1,1,1,1,1],[1,1,1,1,1,1,1,1,1,1,1,1,1,1,1,1,1,1,0,0,0,0,0,0,0,1,1,1,1,1,1,1,1,1,1,1,1,1,1,1,1,1,1,1,1,1,1,1],[1,1,1,1,1,1,1,1,1,1,1,1,1,1,1,1,1,1,1,1,1,1,1,1,0,1,1,1,1,1,1,1,1,1,1,1,1,1,1,1,1,1,1,1,1,1,1,1],[1,1,1,1,1,1,0,0,0,0,0,0,0,0,0,0,0,0,0,0,0,0,0,0,0,1,1,1,1,1,1,1,1,1,1,1,1,1,1,1,1,1,1,1,1,1,1,1],[1,1,1,1,1,1,0,0,1,1,0,0,0,0,0,0,0,0,1,1,1,1,1,1,1,1,1,1,1,1,1,1,1,1,1,1,1,1,1,1,1,1,1,1,1,1,1,1],[1,1,1,1,1,1,0,0,1,1,0,0,0,0,0,0,0,0,1,1,1,1,1,1,1,1,1,1,3,2,3,1,1,2,3,1,2,3,1,1,2,3,2,1,1,1,1,1],[1,1,1,1,1,1,0,0,1,1,0,0,0,0,0,0,0,0,1,1,1,1,1,1,1,1,1,1,0,0,0,0,0,0,0,0,0,0,0,0,0,0,0,1,1,1,1,1],[1,1,1,1,1,1,0,0,1,1,1,1,1,1,1,1,1,1,1,1,1,1,1,1,1,1,1,1,0,0,0,0,0,0,0,0,0,0,0,0,0,0,0,1,1,1,1,1],[0,0,0,0,0,0,0,0,1,1,1,1,1,1,1,1,1,1,1,1,1,1,1,1,1,1,1,1,0,0,0,0,0,0,0,0,0,0,0,0,0,0,0,1,1,1,1,1],[0,0,0,1,1,1,1,1,1,1,1,1,1,1,1,1,1,1,1,1,1,1,1,1,1,1,1,1,0,0,0,0,0,0,0,0,0,0,0,0,0,0,0,1,1,1,1,1],[0,0,0,1,1,1,1,1,1,1,1,1,1,1,1,1,1,1,1,1,1,1,1,1,1,1,1,1,0,0,0,0,0,0,0,0,0,0,0,0,0,0,0,3,1,1,1,1],[0,0,0,1,1,1,1,1,1,1,1,1,1,1,1,1,1,1,1,1,1,1,1,1,1,1,1,1,0,0,0,0,0,0,0,0,0,0,0,0,0,0,0,0,3,1,1,1],[0,0,0,1,1,1,1,1,1,1,1,1,1,1,1,1,1,1,1,1,1,1,1,1,1,1,1,1,0,1,1,1,1,1,1,1,1,4,0,0,0,0,0,0,0,3,1,1],[0,0,0,1,1,1,1,1,1,1,1,1,1,1,1,1,1,1,1,1,1,1,1,1,1,1,1,1,0,1,1,1,1,1,1,1,1,1,4,0,0,0,0,0,0,5,1,1],[0,0,0,0,0,0,0,0,0,0,0,0,0,0,0,0,0,0,0,0,0,0,0,0,0,0,0,0,0,1,1,1,1,1,1,1,1,1,1,4,0,0,0,0,5,1,1,1],[1,1,1,1,1,1,1,1,0,0,0,0,0,0,0,0,0,0,0,0,0,1,1,1,1,1,1,1,1,1,1,1,1,1,1,1,1,1,1,1,4,0,0,5,1,1,1,1],[1,1,1,1,1,1,1,1,0,0,0,0,0,0,0,0,0,0,0,0,0,1,1,1,1,1,1,1,1,1,1,1,1,1,1,1,1,1,1,1,1,4,5,1,1,1,1,1],[1,1,1,1,1,1,1,1,0,0,0,0,0,0,0,0,0,0,0,0,0,1,1,1,1,1,1,1,1,1,1,1,1,1,1,1,1,1,1,1,1,1,1,1,1,1,1,1],[1,1,1,1,1,1,1,1,0,0,0,0,0,0,0,0,0,0,0,0,0,1,1,1,1,1,1,1,1,1,1,1,1,1,1,1,1,1,1,1,1,1,1,1,1,1,1,1],[1,1,1,1,1,1,1,1,0,0,0,0,0,0,0,0,0,0,0,0,0,1,1,1,1,1,1,1,1,1,1,1,1,1,1,1,1,1,1,1,1,1,1,1,1,1,1,1],[1,1,1,1,1,1,0,0,0,0,0,0,0,0,0,0,0,0,0,0,0,1,1,1,1,1,1,1,1,1,1,1,1,1,1,1,1,1,1,1,1,1,1,1,1,1,1,1],[1,1,1,1,1,1,0,0,0,0,0,0,0,0,0,0,0,0,0,0,0,1,1,1,1,1,1,1,1,1,1,1,1,1,1,1,1,1,1,1,1,1,1,1,1,1,1,1],[1,1,1,1,1,1,1,1,1,1,1,1,1,1,1,1,1,1,1,1,1,1,1,1,1,1,1,1,1,1,1,1,1,1,1,1,1,1,1,1,1,1,1,1,1,1,1,1],[1,1,1,1,1,1,1,1,1,1,1,1,1,1,1,1,1,1,1,1,1,1,1,1,1,1,1,1,1,1,1,1,1,1,1,1,1,1,1,1,1,1,1,1,1,1,1,1],[1,1,1,1,1,1,1,1,1,1,1,1,1,1,1,1,1,1,1,1,1,1,1,1,1,1,1,1,1,1,1,1,1,1,1,1,1,1,1,1,1,1,1,1,1,1,1,1]]}
