{"unique_id":2023710580,"width":16,"height":24,"start":[8,9],"end":[8,21],"entities":[{"class":"wall","start":[3,8],"end":[4,8],"oneway":true,"open":false,"color":0},{"class":"wall","start":[4,8],"end":[5,8],"oneway":true,"open":false,"color":0},{"class":"wall","start":[5,8],"end":[6,8],"oneway":true,"open":false,"color":0},{"class":"wall","start":[6,8],"end":[7,8],"oneway":true,"open":false,"color":0},{"class":"wall","start":[8,8],"end":[9,8],"oneway":true,"open":false,"color":0},{"class":"wall","start":[7,8],"end":[8,8],"oneway":true,"open":false,"color":0},{"class":"wall","start":[9,8],"end":[10,8],"oneway":true,"open":false,"color":0},{"class":"wall","start":[10,8],"end":[11,8],"oneway":true,"open":false,"color":0},{"class":"wall","start":[11,8],"end":[12,8],"oneway":true,"open":false,"color":0},{"class":"wall","start":[12,8],"end":[13,8],"oneway":true,"open":false,"color":0},{"class":"wall","start":[13,8],"end":[14,8],"oneway":true,"open":false,"color":0},{"class":"wall","start":[14,8],"end":[14,9],"oneway":true,"open":false,"color":0},{"class":"wall","start":[14,9],"end":[14,10],"oneway":true,"open":false,"color":0},{"class":"wall","start":[14,10],"end":[14,11],"oneway":true,"open":false,"color":0},{"class":"wall","start":[14,11],"end":[14,12],"oneway":true,"open":false,"color":0},{"class":"wall","start":[14,12],"end":[14,13],"oneway":true,"open":false,"color":0},{"class":"wall","start":[3,9],"end":[3,8],"oneway":true,"open":false,"color":0},{"class":"wall","start":[3,10],"end":[3,9],"oneway":true,"open":false,"color":0},{"class":"wall","start":[3,11],"end":[3,10],"oneway":true,"open":false,"color":0},{"class":"wall","start":[3,12],"end":[3,11],"oneway":true,"open":false,"color":0},{"class":"wall","start":[3,13],"end":[3,12],"oneway":true,"open":false,"color":0},{"class":"wall","start":[3,14],"end":[3,13],"oneway":true,"open":false,"color":0},{"class":"wall","start":[3,15],"end":[3,14],"oneway":true,"open":false,"color":0},{"class":"wall","start":[3,16],"end":[3,15],"oneway":true,"open":false,"color":0},{"class":"wall","start":[3,17],"end":[3,16],"oneway":true,"open":false,"color":0},{"class":"wall","start":[3,18],"end":[3,17],"oneway":true,"open":false,"color":0},{"class":"wall","start":[3,19],"end":[3,18],"oneway":true,"open":false,"color":0},{"class":"wall","start":[14,13],"end":[14,14],"oneway":true,"open":false,"color":0},{"class":"wall","start":[14,14],"end":[14,15],"oneway":true,"open":false,"color":0},{"class":"wall","start":[14,15],"end":[14,16],"oneway":true,"open":false,"color":0},{"class":"wall","start":[14,16],"end":[14,17],"oneway":true,"open":false,"color":0},{"class":"wall","start":[14,17],"end":[14,18],"oneway":true,"open":false,"color":0},{"class":"wall","start":[14,18],"end":[14,19],"oneway":true,"open":false,"color":0},{"class":"wall","start":[14,19],"end":[14,20],"oneway":true,"open":false,"color":0},{"class":"wall","start":[14,20],"end":[14,21],"oneway":true,"open":false,"color":0},{"class":"wall","start":[3,21],"end":[3,20],"oneway":true,"open":false,"color":0},{"class":"wall","start":[3,20],"end":[3,19],"oneway":true,"open":false,"color":0},{"class":"wall","start":[3,22],"end":[3,21],"oneway":true,"open":false,"color":0},{"class":"wall","start":[14,21],"end":[14,22],"oneway":true,"open":false,"color":0},{"class":"wall","start":[14,22],"end":[13,22],"oneway":true,"open":false,"color":0},{"class":"wall","start":[13,22],"end":[12,22],"oneway":true,"open":false,"color":0},{"class":"wall","start":[12,22],"end":[11,22],"oneway":true,"open":false,"color":0},{"class":"wall","start":[11,22],"end":[10,22],"oneway":true,"open":false,"color":0},{"class":"wall","start":[10,22],"end":[9,22],"oneway":true,"open":false,"color":0},{"class":"wall","start":[9,22],"end":[8,22],"oneway":true,"open":false,"color":0},{"class":"wall","start":[8,22],"end":[7,22],"oneway":true,"open":false,"color":0},{"class":"wall","start":[7,22],"end":[6,22],"oneway":true,"open":false,"color":0},{"class":"wall","start":[6,22],"end":[5,22],"oneway":true,"open":false,"color":0},{"class":"wall","start":[5,22],"end":[4,22],"oneway":true,"open":false,"color":0},{"class":"wall","start":[4,22],"end":[3,22],"oneway":true,"open":false,"color":0},{"class":"wall","start":[5,11],"end":[6,12],"oneway":true,"open":false,"color":0},{"class":"wall","start":[11,12],"end":[12,11],"oneway":true,"open":false,"color":0},{"class":"wall","start":[7,13],"end":[8,14],"oneway":true,"open":false,"color":0},{"class":"wall","start":[8,14],"end":[9,14],"oneway":true,"open":false,"color":0},{"class":"wall","start":[9,14],"end":[10,13],"oneway":true,"open":false,"color":0},{"class":"wall","start":[6,12],"end":[7,11],"oneway":true,"open":false,"color":0},{"class":"wall","start":[10,11],"end":[11,12],"oneway":true,"open":false,"color":0},{"class":"wall","start":[11,15],"end":[12,16],"oneway":true,"open":false,"color":0},{"class":"wall","start":[12,16],"end":[13,15],"oneway":true,"open":false,"color":0},{"class":"wall","start":[5,16],"end":[6,15],"oneway":true,"open":false,"color":0},{"class":"wall","start":[4,15],"end":[5,16],"oneway":true,"open":false,"color":0},{"class":"wall","start":[8,20],"end":[9,20],"oneway":true,"open":false,"color":0},{"class":"wall","start":[8,9],"end":[9,9],"oneway":true,"open":false,"color":0},{"class":"wall","start":[6,18],"end":[7,19],"oneway":true,"open":false,"color":0},{"class":"wall","start":[10,19],"end":[11,18],"oneway":true,"open":false,"color":0},{"class":"wall","start":[8,17],"end":[9,17],"oneway":true,"open":false,"color":0},{"class":"cog","pos":[4.99613,14.9959]},{"class":"cog","pos":[11.9946,14.9984]},{"class":"cog","pos":[8.50206,8.493]},{"class":"enemy","type":"grenadier","pos":[2.51225,15.5361],"color":2,"angle":0},{"class":"enemy","type":"grenadier","pos":[14.483,15.4761],"color":1,"angle":0},{"class":"enemy","type":"grenadier","pos":[4.51275,7.39759],"color":1,"angle":0},{"class":"enemy","type":"grenadier","pos":[12.4605,7.44266],"color":2,"angle":0},{"class":"enemy","type":"grenadier","pos":[4.47981,22.5333],"color":1,"angle":0},{"class":"enemy","type":"grenadier","pos":[12.4177,22.509],"color":2,"angle":0}],"cells":[[1,1,1,1,1,1,1,1,1,1,1,1,1,1,1,1],[1,1,1,1,1,1,1,1,1,1,1,1,1,1,1,1],[1,1,1,1,1,1,1,1,1,1,1,1,1,1,1,1],[1,1,1,1,1,1,1,1,1,1,1,1,1,1,1,1],[1,1,1,1,1,1,1,1,1,1,1,1,1,1,1,1],[1,1,1,1,1,1,1,1,1,1,1,1,1,1,1,1],[1,1,1,1,1,1,1,1,1,1,1,1,1,1,1,1],[1,1,0,0,0,0,0,0,0,0,0,0,0,0,0,1],[1,1,0,0,0,0,0,0,0,0,0,0,0,0,0,1],[1,1,0,0,0,0,0,0,0,0,0,0,0,0,0,1],[1,1,0,0,0,0,0,0,0,0,0,0,0,0,0,1],[1,1,0,0,0,0,0,0,0,0,0,0,0,0,0,1],[1,1,0,0,0,0,0,0,0,0,0,0,0,0,0,1],[1,1,0,0,0,0,0,0,0,0,0,0,0,0,0,1],[1,1,0,0,0,0,0,0,0,0,0,0,0,0,0,1],[1,1,0,0,0,0,0,0,0,0,0,0,0,0,0,1],[1,1,0,0,0,0,0,0,0,0,0,0,0,0,0,1],[1,1,0,0,0,0,0,0,0,0,0,0,0,0,0,1],[1,1,0,0,0,0,0,0,0,0,0,0,0,0,0,1],[1,1,0,0,0,0,0,0,0,0,0,0,0,0,0,1],[1,1,0,0,0,0,0,0,0,0,0,0,0,0,0,1],[1,1,0,0,0,0,0,0,0,0,0,0,0,0,0,1],[1,1,0,0,0,0,0,0,0,0,0,0,0,0,0,1],[1,1,1,1,1,1,1,1,1,1,1,1,1,1,1,1]]}
