{"unique_id":827730372,"width":32,"height":24,"start":[17,0],"end":[23,19],"entities":[{"class":"wall","start":[13,2],"end":[14,2],"oneway":true,"open":false,"color":0},{"class":"wall","start":[14,4],"end":[13,4],"oneway":true,"open":false,"color":0},{"class":"wall","start":[15,4],"end":[14,4],"oneway":true,"open":false,"color":0},{"class":"wall","start":[14,2],"end":[15,2],"oneway":true,"open":false,"color":0},{"class":"wall","start":[17,5],"end":[17,4],"oneway":true,"open":false,"color":0},{"class":"wall","start":[17,6],"end":[17,5],"oneway":true,"open":false,"color":0},{"class":"wall","start":[19,4],"end":[19,5],"oneway":true,"open":false,"color":0},{"class":"wall","start":[19,5],"end":[19,6],"oneway":true,"open":false,"color":0},{"class":"wall","start":[19,5],"end":[19,6],"oneway":true,"open":false,"color":0},{"class":"wall","start":[16,13],"end":[17,13],"oneway":true,"open":false,"color":0},{"class":"wall","start":[15,13],"end":[16,13],"oneway":true,"open":false,"color":0},{"class":"wall","start":[16,14],"end":[15,14],"oneway":true,"open":false,"color":0},{"class":"wall","start":[12,14],"end":[13,14],"oneway":true,"open":false,"color":0},{"class":"wall","start":[11,14],"end":[12,14],"oneway":true,"open":false,"color":0},{"class":"wall","start":[13,15],"end":[12,15],"oneway":true,"open":false,"color":0},{"class":"wall","start":[12,15],"end":[11,15],"oneway":true,"open":false,"color":0},{"class":"wall","start":[13,11],"end":[13,12],"oneway":true,"open":false,"color":0},{"class":"wall","start":[12,12],"end":[12,11],"oneway":true,"open":false,"color":0},{"class":"wall","start":[13,12],"end":[13,13],"oneway":true,"open":false,"color":0},{"class":"wall","start":[12,13],"end":[12,12],"oneway":true,"open":false,"color":0},{"class":"wall","start":[17,14],"end":[16,14],"oneway":true,"open":false,"color":0},{"class":"wall","start":[14,17],"end":[14,16],"oneway":true,"open":false,"color":0},{"class":"wall","start":[15,16],"end":[15,17],"oneway":true,"open":false,"color":0},{"class":"wall","start":[14,18],"end":[14,17],"oneway":true,"open":false,"color":0},{"class":"wall","start":[15,17],"end":[15,18],"oneway":true,"open":false,"color":0},{"class":"wall","start":[16,19],"end":[17,19],"oneway":true,"open":false,"color":0},{"class":"wall","start":[17,20],"end":[16,20],"oneway":true,"open":false,"color":0},{"class":"wall","start":[16,4],"end":[15,4],"oneway":true,"open":false,"color":0},{"class":"wall","start":[15,2],"end":[16,2],"oneway":true,"open":false,"color":0},{"class":"wall","start":[17,7],"end":[17,6],"oneway":true,"open":false,"color":0},{"class":"wall","start":[19,6],"end":[19,7],"oneway":true,"open":false,"color":0},{"class":"wall","start":[21,8],"end":[22,8],"oneway":true,"open":false,"color":0},{"class":"wall","start":[22,10],"end":[21,10],"oneway":true,"open":false,"color":0},{"class":"wall","start":[22,8],"end":[23,8],"oneway":true,"open":false,"color":0},{"class":"wall","start":[23,10],"end":[22,10],"oneway":true,"open":false,"color":0},{"class":"wall","start":[20,10],"end":[20,11],"oneway":true,"open":false,"color":0},{"class":"wall","start":[18,11],"end":[18,10],"oneway":true,"open":false,"color":0},{"class":"wall","start":[18,12],"end":[18,11],"oneway":true,"open":false,"color":0},{"class":"wall","start":[20,11],"end":[20,12],"oneway":true,"open":false,"color":0},{"class":"wall","start":[19,18],"end":[19,17],"oneway":true,"open":false,"color":0},{"class":"wall","start":[20,17],"end":[20,18],"oneway":true,"open":false,"color":0},{"class":"wall","start":[23,19],"end":[24,19],"oneway":true,"open":false,"color":0},{"class":"wall","start":[24,20],"end":[23,20],"oneway":true,"open":false,"color":0},{"class":"wall","start":[11,19],"end":[12,19],"oneway":true,"open":false,"color":0},{"class":"wall","start":[12,19],"end":[12,20],"oneway":true,"open":false,"color":0},{"class":"wall","start":[12,20],"end":[12,21],"oneway":true,"open":false,"color":0},{"class":"wall","start":[12,21],"end":[11,21],"oneway":true,"open":false,"color":0},{"class":"wall","start":[11,21],"end":[10,21],"oneway":true,"open":false,"color":0},{"class":"wall","start":[10,21],"end":[10,20],"oneway":true,"open":false,"color":0},{"class":"wall","start":[10,20],"end":[10,19],"oneway":true,"open":false,"color":0},{"class":"wall","start":[10,19],"end":[11,19],"oneway":true,"open":false,"color":0},{"class":"cog","pos":[16.5108,20.96]},{"class":"cog","pos":[28.501,13.5024]},{"class":"cog","pos":[5.52358,14.5131]},{"class":"enemy","type":"hunter","pos":[16.5039,17.9695],"color":0,"angle":0},{"class":"enemy","type":"spike ball","pos":[27.6816,14.251],"color":0,"angle":0},{"class":"enemy","type":"spike ball","pos":[27.0233,14.3242],"color":0,"angle":0},{"class":"enemy","type":"spike ball","pos":[26.3429,14.273],"color":0,"angle":0},{"class":"enemy","type":"spike ball","pos":[19.2098,16.0345],"color":0,"angle":0},{"class":"enemy","type":"spike ball","pos":[19.8703,16.024],"color":0,"angle":0},{"class":"enemy","type":"spike ball","pos":[10.8164,13.5049],"color":0,"angle":0},{"class":"enemy","type":"spike ball","pos":[10.1644,13.5342],"color":0,"angle":0},{"class":"enemy","type":"spike ball","pos":[9.50014,13.5603],"color":0,"angle":0},{"class":"enemy","type":"spike ball","pos":[6.31065,13.554],"color":0,"angle":0},{"class":"enemy","type":"spike ball","pos":[6.91346,13.5421],"color":0,"angle":0},{"class":"enemy","type":"spike ball","pos":[7.5399,13.554],"color":0,"angle":0},{"class":"enemy","type":"spike ball","pos":[8.17817,13.5421],"color":0,"angle":0},{"class":"enemy","type":"spike ball","pos":[8.82825,13.5421],"color":0,"angle":0},{"class":"enemy","type":"spike ball","pos":[27.6674,12],"color":0,"angle":0},{"class":"enemy","type":"spike ball","pos":[27.035,11.9907],"color":0,"angle":0},{"class":"enemy","type":"spike ball","pos":[26.3748,12],"color":0,"angle":0},{"class":"enemy","type":"wall crawler","pos":[8.39151,1.86146],"color":0,"angle":0},{"class":"enemy","type":"wall crawler","pos":[26.1857,2.32165],"color":0,"angle":0},{"class":"enemy","type":"wall crawler","pos":[26.3287,21.1047],"color":0,"angle":0},{"class":"enemy","type":"wall crawler","pos":[7.71815,21.2416],"color":0,"angle":0}],"cells":[[1,1,1,1,1,1,0,0,0,0,0,0,0,0,0,0,0,0,0,0,0,0,0,0,0,0,0,0,1,1,1,1],[1,1,1,1,1,1,0,1,0,0,0,0,0,0,0,0,0,0,0,0,0,0,0,0,0,0,1,0,1,1,1,1],[1,1,1,1,1,1,0,0,0,0,0,0,0,0,0,0,0,0,0,0,0,0,0,0,0,0,0,0,1,1,1,1],[1,1,1,1,1,1,0,0,0,0,0,0,0,0,0,0,0,0,0,0,0,0,0,0,0,0,0,0,1,1,1,1],[1,1,1,1,1,1,0,0,0,0,0,0,0,0,0,0,0,0,0,0,0,0,0,0,0,0,0,0,1,1,1,1],[1,1,1,1,1,1,0,0,0,0,0,0,0,0,0,0,0,0,0,0,0,0,0,0,0,0,0,0,1,1,1,1],[1,1,1,1,1,1,0,0,0,0,0,0,0,0,0,0,0,0,0,0,0,0,0,0,0,0,0,0,1,1,1,1],[1,1,1,1,1,1,0,0,0,0,0,0,0,0,0,0,0,0,0,0,0,0,0,0,0,0,0,0,1,1,1,1],[1,1,1,1,1,1,0,0,0,0,0,0,0,0,0,0,0,0,0,0,0,0,0,0,0,0,0,0,1,1,1,1],[1,1,1,1,1,1,0,0,0,0,0,0,0,0,0,0,0,0,0,0,0,0,0,0,0,0,0,0,1,1,1,1],[1,1,1,1,1,1,0,0,0,0,0,0,0,0,0,0,0,0,0,0,0,0,0,0,0,0,0,0,1,1,1,1],[1,1,1,1,1,1,0,0,0,0,0,0,0,0,0,0,0,0,0,0,0,0,0,0,0,0,0,0,1,1,1,1],[1,1,1,1,1,1,0,0,0,0,0,0,0,0,0,0,0,0,0,0,0,0,0,0,0,0,0,0,1,1,1,1],[1,1,1,1,1,1,0,0,0,0,0,0,0,0,0,0,0,0,0,0,0,0,0,0,0,0,0,0,0,1,1,1],[1,1,1,1,1,0,0,0,0,0,0,0,0,0,0,0,0,0,0,0,0,0,0,0,0,0,0,0,1,1,1,1],[1,1,1,1,1,1,0,0,0,0,0,0,0,0,0,0,0,0,0,0,0,0,0,0,0,0,0,0,1,1,1,1],[1,1,1,1,1,1,0,0,0,0,0,0,0,0,0,0,0,0,0,0,0,0,0,0,0,0,0,0,1,1,1,1],[1,1,1,1,1,1,0,0,0,0,0,0,0,0,0,0,0,0,0,0,0,0,0,0,0,0,0,0,1,1,1,1],[1,1,1,1,1,1,0,0,0,0,0,0,0,0,0,0,0,0,0,0,0,0,0,0,0,0,0,0,1,1,1,1],[1,1,1,1,1,1,0,0,0,0,0,0,0,0,0,0,0,0,0,0,0,0,0,0,0,0,0,0,1,1,1,1],[1,1,1,1,1,1,0,0,0,0,0,0,0,0,0,0,0,0,0,0,0,0,0,0,0,0,0,0,1,1,1,1],[1,1,1,1,1,1,0,1,0,0,0,0,0,0,0,0,0,0,0,0,0,0,0,0,0,0,1,0,1,1,1,1],[1,1,1,1,1,1,0,0,0,0,0,0,0,0,0,0,0,0,0,0,0,0,0,0,0,0,0,0,1,1,1,1],[1,1,1,1,1,1,1,1,1,1,1,1,1,1,1,1,1,1,1,1,1,1,1,1,1,1,1,1,1,1,1,1]]}
