{"unique_id":2066253615,"width":64,"height":24,"start":[13,7],"end":[58,7],"entities":[{"class":"wall","start":[33,7],"end":[33,8],"oneway":false,"open":false,"color":0},{"class":"button","type":0,"pos":[30.5004,13.6517],"walls":[0]},{"class":"enemy","type":"shock hawk","pos":[6.20174,7.33168],"color":1,"angle":0},{"class":"enemy","type":"shock hawk","pos":[6.24684,7.57972],"color":2,"angle":0},{"class":"enemy","type":"shock hawk","pos":[6.60762,7.28658],"color":2,"angle":0},{"class":"enemy","type":"shock hawk","pos":[6.85565,7.69246],"color":2,"angle":0},{"class":"enemy","type":"shock hawk","pos":[7.03604,7.37678],"color":1,"angle":0},{"class":"enemy","type":"shock hawk","pos":[7.35172,7.8052],"color":1,"angle":0},{"class":"enemy","type":"shock hawk","pos":[7.30663,7.21894],"color":2,"angle":0},{"class":"enemy","type":"shock hawk","pos":[7.44192,7.17384],"color":1,"angle":0},{"class":"enemy","type":"shock hawk","pos":[28.2604,23.1317],"color":1,"angle":0},{"class":"enemy","type":"shock hawk","pos":[29.8204,22.5717],"color":1,"angle":0},{"class":"enemy","type":"shock hawk","pos":[30.6604,22.5317],"color":2,"angle":0},{"class":"enemy","type":"shock hawk","pos":[32.4804,22.9917],"color":2,"angle":0},{"class":"enemy","type":"shock hawk","pos":[33.0204,22.6717],"color":1,"angle":0},{"class":"enemy","type":"shock hawk","pos":[33.4804,21.7517],"color":2,"angle":0},{"class":"enemy","type":"shock hawk","pos":[33.2204,20.3717],"color":1,"angle":0},{"class":"enemy","type":"shock hawk","pos":[27.6204,20.6317],"color":1,"angle":0},{"class":"enemy","type":"shock hawk","pos":[27.6604,21.8717],"color":1,"angle":0},{"class":"enemy","type":"shock hawk","pos":[27.6204,23.1517],"color":2,"angle":0},{"class":"enemy","type":"shock hawk","pos":[28.2604,20.5117],"color":2,"angle":0},{"class":"enemy","type":"shock hawk","pos":[28.9604,21.5317],"color":2,"angle":0},{"class":"enemy","type":"shock hawk","pos":[28.6404,22.5717],"color":2,"angle":0},{"class":"enemy","type":"shock hawk","pos":[29.4404,23.2517],"color":1,"angle":0},{"class":"enemy","type":"shock hawk","pos":[30.4004,23.1517],"color":1,"angle":0},{"class":"enemy","type":"shock hawk","pos":[31.1804,23.2317],"color":2,"angle":0},{"class":"enemy","type":"shock hawk","pos":[31.7804,22.9717],"color":1,"angle":0},{"class":"enemy","type":"shock hawk","pos":[31.8204,22.2517],"color":1,"angle":0},{"class":"enemy","type":"shock hawk","pos":[33.1404,21.7317],"color":2,"angle":0},{"class":"enemy","type":"shock hawk","pos":[33.2804,21.1717],"color":1,"angle":0},{"class":"enemy","type":"shock hawk","pos":[32.8004,20.9917],"color":2,"angle":0},{"class":"enemy","type":"shock hawk","pos":[32.7404,21.7717],"color":2,"angle":0},{"class":"enemy","type":"shock hawk","pos":[33.5604,21.2717],"color":1,"angle":0},{"class":"enemy","type":"shock hawk","pos":[31.2204,20.4517],"color":1,"angle":0},{"class":"enemy","type":"shock hawk","pos":[29.4404,20.9317],"color":1,"angle":0},{"class":"enemy","type":"shock hawk","pos":[28.8804,21.7317],"color":1,"angle":0},{"class":"enemy","type":"shock hawk","pos":[30.4804,22.3517],"color":2,"angle":0},{"class":"enemy","type":"shock hawk","pos":[31.7404,21.5117],"color":2,"angle":0},{"class":"enemy","type":"shock hawk","pos":[32.1604,20.4517],"color":2,"angle":0},{"class":"enemy","type":"shock hawk","pos":[29.9804,21.0717],"color":2,"angle":0},{"class":"enemy","type":"shock hawk","pos":[30.6804,21.3917],"color":1,"angle":0},{"class":"enemy","type":"shock hawk","pos":[30.2004,20.4517],"color":1,"angle":0},{"class":"enemy","type":"shock hawk","pos":[30.9404,20.4317],"color":2,"angle":0},{"class":"enemy","type":"shock hawk","pos":[30.3804,20.4917],"color":2,"angle":0},{"class":"enemy","type":"spike ball","pos":[51.1066,6.74461],"color":0,"angle":0},{"class":"enemy","type":"spike ball","pos":[51.6466,6.46461],"color":0,"angle":0},{"class":"enemy","type":"spike ball","pos":[54.8666,6.24461],"color":0,"angle":0},{"class":"enemy","type":"spike ball","pos":[54.2866,6.60461],"color":0,"angle":0}],"cells":[[1,1,1,1,1,1,1,1,1,1,1,1,1,1,1,1,1,1,1,1,1,1,1,1,1,1,1,1,1,1,1,1,1,1,1,1,1,1,1,1,1,1,1,1,1,1,1,1,1,1,1,1,1,1,1,1,1,1,1,1,1,1,1,1],[1,1,1,1,1,1,1,1,1,1,1,1,1,1,1,1,1,1,1,1,1,1,1,1,1,1,1,1,1,1,1,1,1,1,1,1,1,1,1,1,1,1,1,1,1,1,1,1,1,1,1,1,1,1,1,1,1,1,1,1,1,1,1,1],[1,1,1,1,1,1,1,1,1,1,1,1,1,1,1,1,1,1,1,1,1,1,1,1,1,1,1,1,1,1,1,1,1,1,1,1,1,1,1,1,1,1,1,1,1,1,1,1,1,1,1,1,1,1,1,1,1,1,1,1,1,1,1,1],[1,1,1,1,1,1,1,1,1,1,1,1,1,1,1,1,1,1,1,1,1,1,1,1,1,1,1,1,1,1,1,1,1,1,1,1,1,1,1,1,1,1,1,1,1,1,1,1,1,1,1,1,1,1,1,1,1,1,1,1,1,1,1,1],[1,1,1,1,1,1,1,1,1,1,1,1,1,1,1,1,1,1,1,1,1,1,1,1,1,1,1,1,1,1,1,1,1,1,1,1,1,1,1,1,1,1,1,1,1,1,1,1,1,1,1,1,1,1,1,1,1,1,1,1,1,1,1,1],[1,1,1,1,1,1,1,1,1,1,1,1,1,1,1,1,1,1,1,1,1,1,1,1,1,1,1,1,1,1,1,1,1,1,1,1,1,1,1,1,1,1,1,1,1,1,1,1,1,1,1,1,1,1,1,1,1,1,1,1,1,1,1,1],[1,1,1,1,1,1,1,1,1,1,1,1,1,1,1,1,1,1,1,1,1,1,1,1,1,1,1,1,1,2,0,3,1,1,1,1,1,1,1,1,2,3,1,1,2,3,1,1,1,1,1,0,1,1,0,1,1,1,1,1,1,1,1,1],[1,1,1,1,1,1,0,0,0,0,0,0,0,0,0,0,0,0,0,0,0,0,0,0,0,0,0,0,0,0,0,0,0,0,0,0,0,0,3,2,5,4,3,2,5,4,0,0,0,0,0,0,0,0,0,0,0,0,0,1,1,1,1,1],[1,1,1,1,1,1,1,1,1,1,1,1,1,1,1,1,1,1,1,1,1,1,0,1,1,1,1,1,1,1,0,1,1,1,1,1,1,1,4,5,1,1,4,5,1,1,1,1,1,1,1,1,1,1,1,1,1,1,1,1,1,1,1,1],[1,1,1,1,1,1,1,1,1,1,1,1,1,1,1,1,1,1,1,1,1,1,1,1,1,1,1,1,1,1,0,1,1,1,1,1,1,1,1,1,1,1,1,1,1,1,1,1,1,1,1,1,1,1,1,1,1,1,1,1,1,1,1,1],[1,1,1,1,1,1,1,1,1,1,1,1,1,1,1,1,1,1,1,1,1,1,1,1,1,1,1,1,1,1,0,1,1,1,1,1,1,1,1,1,1,1,1,1,1,1,1,1,1,1,1,1,1,1,1,1,1,1,1,1,1,1,1,1],[1,1,1,1,1,1,1,1,1,1,1,1,1,1,1,1,1,1,1,1,1,1,1,1,1,1,1,1,1,1,0,1,1,1,1,1,1,1,1,1,1,1,1,1,1,1,1,1,1,1,1,1,1,1,1,1,1,1,1,1,1,1,1,1],[1,1,1,1,1,1,1,1,1,1,1,1,1,1,1,1,1,1,1,1,1,1,1,1,1,1,1,1,1,1,0,1,1,1,1,1,1,1,1,1,1,1,1,1,1,1,1,1,1,1,1,1,1,1,1,1,1,1,1,1,1,1,1,1],[1,1,1,1,1,1,1,1,1,1,1,1,1,1,1,1,1,1,1,1,1,1,1,1,1,1,1,1,1,1,0,1,1,1,1,1,1,1,1,1,1,1,1,1,1,1,1,1,1,1,1,1,1,1,1,1,1,1,1,1,1,1,1,1],[1,1,1,1,1,1,1,1,1,1,1,1,1,1,1,1,1,1,1,1,1,1,1,1,1,1,1,1,1,1,0,1,1,1,1,1,1,1,1,1,1,1,1,1,1,1,1,1,1,1,1,1,1,1,1,1,1,1,1,1,1,1,1,1],[1,1,1,1,1,1,1,1,1,1,1,1,1,1,1,1,1,1,1,1,1,1,1,1,1,1,1,1,1,1,0,1,1,1,1,1,1,1,1,1,1,1,1,1,1,1,1,1,1,1,1,1,1,1,1,1,1,1,1,1,1,1,1,1],[1,1,1,1,1,1,1,1,1,1,1,1,1,1,1,1,1,1,1,1,1,1,1,1,1,1,1,1,1,1,0,1,1,1,1,1,1,1,1,1,1,1,1,1,1,1,1,1,1,1,1,1,1,1,1,1,1,1,1,1,1,1,1,1],[1,1,1,1,1,1,1,1,1,1,1,1,1,1,1,1,1,1,1,1,1,1,1,1,1,1,1,0,0,0,0,0,0,0,1,1,1,1,1,1,1,1,1,1,1,1,1,1,1,1,1,1,1,1,1,1,1,1,1,1,1,1,1,1],[1,1,1,1,1,1,1,1,1,1,1,1,1,1,1,1,1,1,1,1,1,1,1,1,1,1,1,0,0,0,0,0,0,0,1,1,1,1,1,1,1,1,1,1,1,1,1,1,1,1,1,1,1,1,1,1,1,1,1,1,1,1,1,1],[1,1,1,1,1,1,1,1,1,1,1,1,1,1,1,1,1,1,1,1,1,1,1,1,1,1,1,0,0,0,0,0,0,0,1,1,1,1,1,1,1,1,1,1,1,1,1,1,1,1,1,1,1,1,1,1,1,1,1,1,1,1,1,1],[1,1,1,1,1,1,1,1,1,1,1,1,1,1,1,1,1,1,1,1,1,1,1,1,1,1,1,0,0,0,0,0,0,0,1,1,1,1,1,1,1,1,1,1,1,1,1,1,1,1,1,1,1,1,1,1,1,1,1,1,1,1,1,1],[1,1,1,1,1,1,1,1,1,1,1,1,1,1,1,1,1,1,1,1,1,1,1,1,1,1,1,0,0,0,0,0,0,0,1,1,1,1,1,1,1,1,1,1,1,1,1,1,1,1,1,1,1,1,1,1,1,1,1,1,1,1,1,1],[1,1,1,1,1,1,1,1,1,1,1,1,1,1,1,1,1,1,1,1,1,1,1,1,1,1,1,0,0,0,0,0,0,0,1,1,1,1,1,1,1,1,1,1,1,1,1,1,1,1,1,1,1,1,1,1,1,1,1,1,1,1,1,1],[1,1,1,1,1,1,1,1,1,1,1,1,1,1,1,1,1,1,1,1,1,1,1,1,1,1,1,0,0,0,0,0,0,0,1,1,1,1,1,1,1,1,1,1,1,1,1,1,1,1,1,1,1,1,1,1,1,1,1,1,1,1,1,1]]}
