{"unique_id":1358783098,"width":32,"height":32,"start":[16,8],"end":[16,28],"entities":[{"class":"wall","start":[11,8],"end":[12,8],"oneway":true,"open":false,"color":0},{"class":"wall","start":[13,8],"end":[14,8],"oneway":true,"open":false,"color":0},{"class":"wall","start":[15,8],"end":[16,8],"oneway":true,"open":false,"color":0},{"class":"wall","start":[17,8],"end":[18,8],"oneway":true,"open":false,"color":0},{"class":"wall","start":[19,8],"end":[20,8],"oneway":true,"open":false,"color":0},{"class":"wall","start":[21,8],"end":[22,8],"oneway":true,"open":false,"color":0},{"class":"wall","start":[12,13],"end":[13,13],"oneway":true,"open":false,"color":0},{"class":"wall","start":[20,13],"end":[21,13],"oneway":true,"open":false,"color":0},{"class":"wall","start":[21,13],"end":[22,13],"oneway":true,"open":false,"color":0},{"class":"wall","start":[11,13],"end":[12,13],"oneway":true,"open":false,"color":0},{"class":"wall","start":[16,17],"end":[17,17],"oneway":true,"open":false,"color":0},{"class":"wall","start":[15,10],"end":[16,10],"oneway":true,"open":false,"color":0},{"class":"wall","start":[16,10],"end":[17,10],"oneway":true,"open":false,"color":0},{"class":"wall","start":[17,10],"end":[18,10],"oneway":true,"open":false,"color":0},{"class":"wall","start":[12,11],"end":[11,12],"oneway":true,"open":false,"color":0},{"class":"wall","start":[11,12],"end":[10,11],"oneway":true,"open":false,"color":0},{"class":"wall","start":[10,11],"end":[11,10],"oneway":true,"open":false,"color":0},{"class":"wall","start":[11,10],"end":[12,11],"oneway":true,"open":false,"color":0},{"class":"wall","start":[21,11],"end":[22,10],"oneway":true,"open":false,"color":0},{"class":"wall","start":[22,10],"end":[23,11],"oneway":true,"open":false,"color":0},{"class":"wall","start":[23,11],"end":[22,12],"oneway":true,"open":false,"color":0},{"class":"wall","start":[22,12],"end":[21,11],"oneway":true,"open":false,"color":0},{"class":"cog","pos":[10.9905,10.9816]},{"class":"cog","pos":[22.0105,10.9816]},{"class":"cog","pos":[16.4905,16.4416]},{"class":"enemy","type":"shock hawk","pos":[11.841,4.35518],"color":2,"angle":0},{"class":"enemy","type":"shock hawk","pos":[7.86028,4.35518],"color":2,"angle":0},{"class":"enemy","type":"shock hawk","pos":[9.87427,4.35518],"color":1,"angle":0},{"class":"enemy","type":"shock hawk","pos":[21.1715,4.33944],"color":1,"angle":0},{"class":"enemy","type":"shock hawk","pos":[23.1697,4.35518],"color":2,"angle":0},{"class":"enemy","type":"shock hawk","pos":[25.1208,4.35518],"color":1,"angle":0},{"class":"enemy","type":"shock hawk","pos":[20.137,5.37363],"color":2,"angle":0},{"class":"enemy","type":"shock hawk","pos":[22.1551,5.36123],"color":1,"angle":0},{"class":"enemy","type":"shock hawk","pos":[12.9036,5.38935],"color":1,"angle":0},{"class":"enemy","type":"shock hawk","pos":[10.8559,5.35668],"color":2,"angle":0},{"class":"enemy","type":"shock hawk","pos":[8.85894,5.33859],"color":1,"angle":0},{"class":"enemy","type":"shock hawk","pos":[24.1538,5.36828],"color":2,"angle":0}],"cells":[[1,1,1,1,1,1,1,1,1,1,1,1,1,1,1,1,1,1,1,1,1,1,1,1,1,1,1,1,1,1,1,1],[1,1,1,1,1,1,1,1,1,1,1,1,1,1,1,1,1,1,1,1,1,1,1,1,1,1,1,1,1,1,1,1],[1,1,1,1,1,1,1,1,1,1,1,1,1,1,1,1,1,1,1,1,1,1,1,1,1,1,1,1,1,1,1,1],[1,1,1,1,1,1,1,1,1,1,1,1,1,1,1,1,1,1,1,1,1,1,1,1,1,1,1,1,1,1,1,1],[1,1,1,1,1,1,1,4,3,4,3,4,3,1,1,1,1,1,1,1,2,5,2,5,2,5,1,1,1,1,1,1],[1,1,1,1,1,1,1,1,4,3,4,3,4,3,1,1,1,1,1,2,5,2,5,2,5,1,1,1,1,1,1,1],[1,1,1,1,1,1,1,1,1,4,3,4,3,4,3,1,1,1,2,5,2,5,2,5,1,1,1,1,1,1,1,1],[1,1,1,1,1,1,1,1,1,1,4,3,4,3,4,3,1,2,5,2,5,2,5,1,1,1,1,1,1,1,1,1],[1,1,1,1,1,1,1,1,1,1,2,0,0,0,0,0,0,0,0,0,0,0,3,1,1,1,1,1,1,1,1,1],[1,1,1,1,1,1,1,1,1,2,0,0,0,0,0,0,0,0,0,0,0,0,0,3,1,1,1,1,1,1,1,1],[1,1,1,1,1,1,1,1,2,0,0,0,0,0,0,0,0,0,0,0,0,0,0,0,3,1,1,1,1,1,1,1],[1,1,1,1,1,1,1,1,0,0,0,0,0,0,0,0,0,0,0,0,0,0,0,0,0,1,1,1,1,1,1,1],[1,1,1,1,1,1,1,1,0,0,0,0,0,0,0,0,0,0,0,0,0,0,0,0,0,1,1,1,1,1,1,1],[1,1,1,1,1,1,1,1,0,0,0,0,0,0,0,0,0,0,0,0,0,0,0,0,0,1,1,1,1,1,1,1],[1,1,1,1,1,1,1,1,0,0,0,0,0,0,0,0,0,0,0,0,0,0,0,0,0,1,1,1,1,1,1,1],[1,1,1,1,1,1,1,1,0,0,0,0,0,0,0,0,0,0,0,0,0,0,0,0,0,1,1,1,1,1,1,1],[1,1,1,1,1,1,1,1,0,0,0,0,0,0,0,0,0,0,0,0,0,0,0,0,0,1,1,1,1,1,1,1],[1,1,1,1,1,1,1,1,0,0,0,0,0,0,0,0,0,0,0,0,0,0,0,0,0,1,1,1,1,1,1,1],[1,1,1,1,1,1,1,1,4,0,0,0,0,0,0,0,0,0,0,0,0,0,0,0,5,1,1,1,1,1,1,1],[1,1,1,1,1,1,1,1,1,4,0,0,0,0,0,0,0,0,0,0,0,0,0,5,1,1,1,1,1,1,1,1],[1,1,1,1,1,1,1,1,1,1,4,0,0,0,0,0,0,0,0,0,0,0,5,1,1,1,1,1,1,1,1,1],[1,1,1,1,1,1,1,1,1,1,1,4,0,0,0,0,0,0,0,0,0,5,1,1,1,1,1,1,1,1,1,1],[1,1,1,1,1,1,1,1,1,1,1,1,1,1,1,1,0,1,1,1,1,1,1,1,1,1,1,1,1,1,1,1],[1,1,1,1,1,1,1,1,1,1,1,1,1,1,1,1,0,1,1,1,1,1,1,1,1,1,1,1,1,1,1,1],[1,1,1,1,1,1,1,1,1,1,1,1,1,1,1,1,0,1,1,1,1,1,1,1,1,1,1,1,1,1,1,1],[1,1,1,1,1,1,1,1,1,1,1,1,1,1,1,1,0,1,1,1,1,1,1,1,1,1,1,1,1,1,1,1],[1,1,1,1,1,1,1,1,1,1,1,1,1,1,1,0,0,0,1,1,1,1,1,1,1,1,1,1,1,1,1,1],[1,1,1,1,1,1,1,1,1,1,1,1,1,1,0,0,0,0,0,1,1,1,1,1,1,1,1,1,1,1,1,1],[1,1,1,1,1,1,1,1,1,1,1,1,1,1,0,0,0,0,0,1,1,1,1,1,1,1,1,1,1,1,1,1],[1,1,1,1,1,1,1,1,1,1,1,1,1,1,0,0,0,0,0,1,1,1,1,1,1,1,1,1,1,1,1,1],[1,1,1,1,1,1,1,1,1,1,1,1,1,1,1,0,0,0,1,1,1,1,1,1,1,1,1,1,1,1,1,1],[1,1,1,1,1,1,1,1,1,1,1,1,1,1,1,1,1,1,1,1,1,1,1,1,1,1,1,1,1,1,1,1]]}
