{"unique_id":188032359,"width":56,"height":48,"start":[45,24],"end":[51,24],"entities":[{"class":"wall","start":[52,24],"end":[52,25],"oneway":false,"open":false,"color":0},{"class":"wall","start":[51,24],"end":[51,25],"oneway":false,"open":false,"color":0},{"class":"wall","start":[50,24],"end":[50,25],"oneway":false,"open":false,"color":0},{"class":"wall","start":[14,37],"end":[13,37],"oneway":false,"open":false,"color":0},{"class":"wall","start":[22,24],"end":[22,25],"oneway":true,"open":false,"color":0},{"class":"wall","start":[22,24],"end":[22,25],"oneway":true,"open":false,"color":0},{"class":"wall","start":[23,25],"end":[23,24],"oneway":true,"open":true,"color":0},{"class":"wall","start":[19,12],"end":[20,12],"oneway":true,"open":false,"color":0},{"class":"wall","start":[21,17],"end":[21,16],"oneway":false,"open":false,"color":0},{"class":"wall","start":[34,1],"end":[35,1],"oneway":true,"open":false,"color":0},{"class":"wall","start":[35,1],"end":[36,1],"oneway":true,"open":false,"color":0},{"class":"wall","start":[36,1],"end":[37,1],"oneway":true,"open":false,"color":0},{"class":"wall","start":[37,1],"end":[38,1],"oneway":true,"open":false,"color":0},{"class":"wall","start":[37,1],"end":[38,1],"oneway":true,"open":false,"color":0},{"class":"wall","start":[38,1],"end":[39,1],"oneway":true,"open":false,"color":0},{"class":"wall","start":[39,1],"end":[40,1],"oneway":true,"open":false,"color":0},{"class":"wall","start":[40,1],"end":[41,1],"oneway":true,"open":false,"color":0},{"class":"wall","start":[41,1],"end":[42,1],"oneway":true,"open":false,"color":0},{"class":"wall","start":[50,1],"end":[51,1],"oneway":true,"open":false,"color":0},{"class":"wall","start":[49,1],"end":[50,1],"oneway":true,"open":false,"color":0},{"class":"wall","start":[48,1],"end":[49,1],"oneway":true,"open":false,"color":0},{"class":"wall","start":[47,1],"end":[48,1],"oneway":true,"open":false,"color":0},{"class":"wall","start":[46,1],"end":[47,1],"oneway":true,"open":false,"color":0},{"class":"wall","start":[45,1],"end":[46,1],"oneway":true,"open":false,"color":0},{"class":"wall","start":[42,1],"end":[43,1],"oneway":true,"open":false,"color":0},{"class":"wall","start":[43,1],"end":[44,1],"oneway":true,"open":false,"color":0},{"class":"wall","start":[44,1],"end":[45,1],"oneway":true,"open":false,"color":0},{"class":"wall","start":[42,5],"end":[43,5],"oneway":true,"open":false,"color":0},{"class":"wall","start":[43,5],"end":[44,5],"oneway":true,"open":false,"color":0},{"class":"wall","start":[41,5],"end":[42,5],"oneway":true,"open":false,"color":0},{"class":"wall","start":[42,19],"end":[43,19],"oneway":true,"open":false,"color":0},{"class":"wall","start":[41,18],"end":[42,19],"oneway":true,"open":false,"color":0},{"class":"wall","start":[43,19],"end":[44,18],"oneway":true,"open":false,"color":0},{"class":"wall","start":[39,14],"end":[40,13],"oneway":true,"open":false,"color":0},{"class":"wall","start":[40,13],"end":[41,12],"oneway":true,"open":false,"color":0},{"class":"wall","start":[45,13],"end":[46,14],"oneway":true,"open":false,"color":0},{"class":"wall","start":[44,12],"end":[45,13],"oneway":true,"open":false,"color":0},{"class":"wall","start":[41,15],"end":[42,15],"oneway":true,"open":false,"color":0},{"class":"wall","start":[42,15],"end":[43,15],"oneway":true,"open":false,"color":0},{"class":"wall","start":[38,10],"end":[39,10],"oneway":true,"open":false,"color":0},{"class":"wall","start":[43,15],"end":[44,15],"oneway":true,"open":false,"color":0},{"class":"wall","start":[40,4],"end":[41,5],"oneway":true,"open":false,"color":0},{"class":"wall","start":[44,5],"end":[45,4],"oneway":true,"open":false,"color":0},{"class":"wall","start":[38,6],"end":[39,5],"oneway":true,"open":false,"color":0},{"class":"wall","start":[37,6],"end":[38,6],"oneway":true,"open":false,"color":0},{"class":"wall","start":[39,10],"end":[40,11],"oneway":true,"open":false,"color":0},{"class":"wall","start":[47,9],"end":[48,10],"oneway":true,"open":false,"color":0},{"class":"wall","start":[45,6],"end":[46,7],"oneway":true,"open":false,"color":0},{"class":"wall","start":[36,9],"end":[37,9],"oneway":true,"open":false,"color":0},{"class":"wall","start":[35,8],"end":[36,9],"oneway":true,"open":false,"color":0},{"class":"wall","start":[39,8],"end":[40,7],"oneway":true,"open":false,"color":0},{"class":"wall","start":[40,7],"end":[41,7],"oneway":true,"open":false,"color":0},{"class":"wall","start":[42,11],"end":[43,11],"oneway":true,"open":false,"color":0},{"class":"wall","start":[41,6],"end":[42,6],"oneway":true,"open":false,"color":0},{"class":"wall","start":[42,6],"end":[43,6],"oneway":true,"open":false,"color":0},{"class":"wall","start":[43,6],"end":[44,6],"oneway":true,"open":false,"color":0},{"class":"wall","start":[41,6],"end":[41,5],"oneway":false,"open":false,"color":1},{"class":"wall","start":[42,5],"end":[42,6],"oneway":false,"open":false,"color":0},{"class":"wall","start":[43,5],"end":[43,6],"oneway":false,"open":false,"color":0},{"class":"wall","start":[44,6],"end":[44,5],"oneway":false,"open":false,"color":2},{"class":"wall","start":[40,43],"end":[41,43],"oneway":false,"open":false,"color":0},{"class":"wall","start":[45,40],"end":[44,40],"oneway":false,"open":false,"color":0},{"class":"wall","start":[46,40],"end":[45,40],"oneway":false,"open":false,"color":0},{"class":"wall","start":[33,40],"end":[32,40],"oneway":false,"open":false,"color":0},{"class":"wall","start":[21,46],"end":[21,45],"oneway":true,"open":false,"color":0},{"class":"cog","pos":[53.4226,24.5156]},{"class":"cog","pos":[42.5211,4.57458]},{"class":"cog","pos":[31.454,43.5227]},{"class":"cog","pos":[21.4776,30.4426]},{"class":"button","type":0,"pos":[40.5284,45.445],"walls":[2]},{"class":"button","type":0,"pos":[42.518,5.45705],"walls":[1]},{"class":"button","type":0,"pos":[13.536,31.4602],"walls":[3]},{"class":"button","type":0,"pos":[21.4647,29.4855],"walls":[4,0]},{"class":"button","type":0,"pos":[21.4647,29.4855],"walls":[]},{"class":"button","type":1,"pos":[21.4872,28.809],"walls":[6]},{"class":"button","type":0,"pos":[18.5427,16.4697],"walls":[8]},{"class":"button","type":0,"pos":[41.4758,5.47698],"walls":[58]},{"class":"button","type":0,"pos":[41.4758,5.47698],"walls":[]},{"class":"button","type":0,"pos":[43.4994,5.47698],"walls":[57]},{"class":"sign","pos":[26.5558,24.4747],"text":"DANGER: KEEP OUT"},{"class":"sign","pos":[15.4842,20.4466],"text":"Bombs away!"},{"class":"sign","pos":[41.5481,21.4208],"text":"Spiders below!"},{"class":"sign","pos":[52.5362,24.5059],"text":"Great Job!"},{"class":"enemy","type":"spike ball","pos":[20.8696,26.384],"color":0,"angle":0},{"class":"enemy","type":"spike ball","pos":[20.7838,28.3485],"color":0,"angle":0},{"class":"enemy","type":"spike ball","pos":[22.1727,28.3556],"color":0,"angle":0},{"class":"enemy","type":"spike ball","pos":[22.1727,28.3556],"color":0,"angle":0},{"class":"enemy","type":"spike ball","pos":[22.1145,26.3814],"color":0,"angle":0},{"class":"enemy","type":"spike ball","pos":[20.7934,27.3362],"color":0,"angle":0},{"class":"enemy","type":"spike ball","pos":[22.1763,27.3486],"color":0,"angle":0},{"class":"enemy","type":"grenadier","pos":[20.4763,30.4994],"color":1,"angle":0},{"class":"enemy","type":"grenadier","pos":[22.4563,30.4994],"color":2,"angle":0},{"class":"enemy","type":"bomber","pos":[13.4995,37.4369],"color":0,"angle":0},{"class":"enemy","type":"bomber","pos":[13.5126,30.4834],"color":0,"angle":0},{"class":"enemy","type":"hunter","pos":[24.4205,11.4117],"color":0,"angle":0},{"class":"enemy","type":"wall crawler","pos":[20.6838,36.5991],"color":0,"angle":5.01966},{"class":"enemy","type":"bomber","pos":[9.47821,46.4093],"color":0,"angle":0},{"class":"enemy","type":"bomber","pos":[13.4874,46.4626],"color":0,"angle":0},{"class":"enemy","type":"hunter","pos":[11.5005,46.4626],"color":0,"angle":0},{"class":"enemy","type":"stalacbat","pos":[15.4713,46.7002],"color":2,"angle":0},{"class":"enemy","type":"stalacbat","pos":[16.5136,46.6493],"color":1,"angle":0},{"class":"enemy","type":"headache","pos":[23.716,20.7233],"color":2,"angle":0},{"class":"enemy","type":"jet stream","pos":[17.4945,13.4646],"color":0,"angle":3.11249},{"class":"enemy","type":"wall crawler","pos":[20.6668,37.2796],"color":0,"angle":4.73056},{"class":"enemy","type":"spike ball","pos":[23.3422,22.2108],"color":0,"angle":0},{"class":"enemy","type":"spike ball","pos":[25.3532,20.1961],"color":0,"angle":0},{"class":"enemy","type":"headache","pos":[23.2763,20.7368],"color":1,"angle":0},{"class":"enemy","type":"headache","pos":[25.2627,18.5334],"color":2,"angle":0},{"class":"enemy","type":"headache","pos":[25.7347,18.5177],"color":1,"angle":0},{"class":"enemy","type":"rocket spider","pos":[47.5215,0.537588],"color":0,"angle":0.0506846},{"class":"enemy","type":"bomber","pos":[34.5632,20.4487],"color":0,"angle":0},{"class":"enemy","type":"bomber","pos":[50.4794,20.4102],"color":0,"angle":0},{"class":"enemy","type":"spike ball","pos":[34.3649,16.4602],"color":0,"angle":0},{"class":"enemy","type":"spike ball","pos":[34.4295,13.4872],"color":0,"angle":0},{"class":"enemy","type":"spike ball","pos":[34.3972,10.5142],"color":0,"angle":0},{"class":"enemy","type":"spike ball","pos":[50.6585,16.3778],"color":0,"angle":0},{"class":"enemy","type":"spike ball","pos":[50.5939,13.3079],"color":0,"angle":0},{"class":"enemy","type":"spike ball","pos":[50.5939,10.3995],"color":0,"angle":0},{"class":"enemy","type":"spike ball","pos":[50.5616,7.36187],"color":0,"angle":0},{"class":"enemy","type":"spike ball","pos":[50.5616,7.36187],"color":0,"angle":0},{"class":"enemy","type":"spike ball","pos":[34.422,7.42347],"color":0,"angle":0},{"class":"enemy","type":"spike ball","pos":[34.422,7.42347],"color":0,"angle":0},{"class":"enemy","type":"spike ball","pos":[34.422,4.49207],"color":0,"angle":0},{"class":"enemy","type":"spike ball","pos":[50.5494,4.43044],"color":0,"angle":0},{"class":"enemy","type":"rocket spider","pos":[37.534,0.53495],"color":0,"angle":0},{"class":"enemy","type":"spike ball","pos":[32.2822,1.55375],"color":0,"angle":0},{"class":"enemy","type":"spike ball","pos":[52.9002,1.47749],"color":0,"angle":0},{"class":"enemy","type":"spike ball","pos":[23.6582,22.2141],"color":0,"angle":0},{"class":"enemy","type":"spike ball","pos":[25.6565,20.2049],"color":0,"angle":0},{"class":"enemy","type":"multi gun","pos":[10.4714,39.4826],"color":0,"angle":0},{"class":"enemy","type":"wall avoider","pos":[34.2743,34.7035],"color":1,"angle":0},{"class":"enemy","type":"wall avoider","pos":[46.771,43.0104],"color":1,"angle":0},{"class":"enemy","type":"wall avoider","pos":[44.201,33.0593],"color":2,"angle":0},{"class":"enemy","type":"wall avoider","pos":[34.2545,42.4791],"color":2,"angle":0},{"class":"enemy","type":"hunter","pos":[29.5395,43.4655],"color":0,"angle":0},{"class":"enemy","type":"wall crawler","pos":[21.3187,33.4465],"color":0,"angle":4.76537},{"class":"enemy","type":"wall crawler","pos":[21.3077,34.0503],"color":0,"angle":4.76537},{"class":"enemy","type":"wall crawler","pos":[20.6646,39.8],"color":0,"angle":0.930622},{"class":"enemy","type":"jet stream","pos":[17.5195,12.5017],"color":0,"angle":3.14075},{"class":"enemy","type":"spike ball","pos":[14.5813,12.334],"color":0,"angle":0},{"class":"enemy","type":"spike ball","pos":[14.5813,13.6737],"color":0,"angle":0},{"class":"enemy","type":"spike ball","pos":[14.5691,13.015],"color":0,"angle":0},{"class":"enemy","type":"wheeligator","pos":[21.5331,16.3504],"color":0,"angle":0}],"cells":[[1,1,1,1,1,1,1,1,1,1,1,1,1,1,1,1,1,1,1,1,1,1,1,1,1,1,1,1,1,1,1,1,1,1,0,0,0,0,0,0,0,0,0,0,0,0,0,0,0,0,0,1,1,1,1,1],[1,1,1,1,1,1,1,1,1,1,1,1,1,1,1,1,1,1,1,1,1,1,1,1,1,1,1,1,1,1,1,4,0,0,0,0,0,0,0,0,0,0,0,0,0,0,0,0,0,0,0,0,0,5,1,1],[1,1,1,1,1,1,1,1,1,1,1,1,1,1,1,1,1,1,1,1,1,1,1,1,1,1,1,1,1,1,1,1,4,0,0,0,0,0,0,0,0,0,0,0,0,0,0,0,0,0,0,0,5,1,1,1],[1,1,1,1,1,1,1,1,1,1,1,1,1,1,1,1,1,1,1,1,1,1,1,1,1,1,1,1,1,1,1,1,1,4,0,0,0,0,0,0,0,0,0,0,0,0,0,0,0,0,0,5,1,1,1,1],[1,1,1,1,1,1,1,1,1,1,1,1,1,1,1,1,1,1,1,1,1,1,1,1,1,1,1,1,1,1,1,1,1,1,0,0,0,0,0,0,0,0,0,0,0,0,0,0,0,0,0,1,1,1,1,1],[1,1,1,1,1,1,1,1,1,1,1,1,1,1,1,1,1,1,1,1,1,1,1,1,1,1,1,1,1,1,1,1,1,1,0,0,0,0,0,0,0,0,0,0,0,0,0,0,0,0,0,1,1,1,1,1],[1,1,1,1,1,1,1,1,1,1,1,1,1,1,1,1,1,1,1,1,1,1,1,1,1,1,1,1,1,1,1,1,1,1,0,0,0,0,0,0,0,0,0,0,0,0,0,0,0,0,0,1,1,1,1,1],[1,1,1,1,1,1,1,1,1,1,1,1,1,1,1,1,1,1,1,1,1,1,1,1,1,1,1,1,1,1,1,1,1,1,0,0,0,0,0,0,0,0,0,0,0,0,0,0,0,0,0,1,1,1,1,1],[1,1,1,1,1,1,1,1,1,1,1,1,1,1,1,1,1,1,1,1,1,1,1,1,1,1,1,1,1,1,1,1,1,1,0,0,0,0,0,0,0,0,0,0,0,0,0,0,0,0,0,1,1,1,1,1],[1,1,1,1,1,1,1,1,1,1,1,1,1,1,1,1,1,1,1,1,1,1,1,1,1,1,1,1,1,1,1,1,1,1,0,0,0,0,0,0,0,0,0,0,0,0,0,0,0,0,0,1,1,1,1,1],[1,1,1,1,1,1,1,1,1,1,1,1,1,1,1,1,0,0,0,0,0,1,1,1,0,0,0,1,1,1,1,1,1,1,0,0,0,0,0,0,0,0,0,0,0,0,0,0,0,0,0,1,1,1,1,1],[1,1,1,1,1,1,1,1,1,1,1,1,1,1,1,1,0,1,0,0,0,0,0,0,0,0,0,1,1,1,1,1,1,1,0,0,0,0,0,0,0,0,0,0,0,0,0,0,0,0,0,1,1,1,1,1],[1,1,1,1,1,1,1,1,1,1,1,1,1,1,0,0,0,0,1,0,1,1,1,1,1,1,0,1,1,1,1,1,1,1,0,0,0,0,0,0,0,0,0,0,0,0,0,0,0,0,0,1,1,1,1,1],[1,1,1,1,1,1,1,1,1,1,1,1,1,1,0,0,0,0,1,1,1,1,1,1,1,1,0,1,1,1,1,1,1,1,0,0,0,0,0,0,0,0,0,0,0,0,0,0,0,0,0,1,1,1,1,1],[1,1,1,1,1,1,1,1,1,1,1,1,1,1,1,1,0,1,1,1,1,1,1,1,1,1,0,1,1,1,1,1,1,1,0,0,0,0,0,0,0,0,0,0,0,0,0,0,0,0,0,1,1,1,1,1],[1,1,1,1,1,1,1,1,1,1,1,1,1,1,1,1,0,1,1,1,1,1,1,1,1,1,0,1,1,1,1,1,1,1,0,0,0,0,0,0,0,0,0,0,0,0,0,0,0,0,0,1,1,1,1,1],[1,1,1,1,1,1,1,1,1,1,1,1,1,1,1,1,0,0,0,0,0,0,0,1,1,1,0,1,1,1,1,1,1,1,0,0,0,0,0,0,0,0,0,0,0,0,0,0,0,0,0,1,1,1,1,1],[1,1,1,1,1,1,1,1,1,1,1,1,1,1,1,1,1,1,0,1,1,1,1,1,1,0,0,1,1,1,1,1,1,1,0,0,0,0,0,0,0,0,0,0,0,0,0,0,0,0,0,1,1,1,1,1],[1,1,1,1,1,1,1,1,1,1,1,1,1,1,1,1,1,1,0,1,1,1,1,1,1,0,1,1,1,1,1,1,1,1,0,0,0,0,0,0,0,0,0,0,0,0,0,0,0,0,0,1,1,1,1,1],[1,1,1,1,1,1,1,1,1,1,1,1,1,1,1,1,1,1,0,1,1,1,1,0,0,0,1,1,1,1,1,1,1,1,0,0,0,0,0,0,0,0,0,0,0,0,0,0,0,0,0,1,1,1,1,1],[1,1,1,1,1,1,1,1,1,1,1,1,1,1,0,0,0,1,0,1,1,1,1,0,1,0,1,1,1,1,1,1,1,1,0,1,1,1,1,1,1,1,0,1,1,1,1,1,1,1,0,1,1,1,1,1],[1,1,1,1,1,1,1,1,1,1,1,1,1,1,0,1,0,0,0,1,1,2,0,0,1,1,1,1,1,1,1,1,1,1,1,1,1,1,1,1,0,0,0,1,1,1,1,1,1,1,1,1,1,1,1,1],[1,1,1,1,1,1,1,1,1,1,1,1,1,0,0,1,1,1,1,1,1,0,5,0,1,1,1,1,1,1,1,1,1,1,1,1,1,1,1,1,0,1,1,1,1,1,1,1,1,1,1,1,1,1,1,1],[1,1,1,1,1,1,1,1,1,1,1,1,1,0,1,1,1,1,1,1,1,0,1,1,1,1,1,1,1,1,1,1,1,1,1,1,1,1,1,1,0,1,1,1,1,1,1,1,1,1,1,1,1,1,1,1],[1,1,1,1,1,1,1,1,1,1,1,1,1,0,1,1,1,1,1,1,1,0,0,0,0,0,0,0,0,0,0,0,0,0,0,0,0,0,0,0,0,0,0,0,0,0,0,0,0,0,0,0,0,0,1,1],[1,1,1,1,1,1,1,1,1,1,1,1,1,0,0,1,1,1,1,1,1,0,1,1,1,1,1,1,1,1,1,1,1,1,1,1,1,1,1,1,1,1,0,1,1,1,1,1,1,1,1,1,1,1,1,1],[1,1,1,1,1,1,1,1,1,1,1,1,1,0,5,1,1,1,1,1,4,0,5,1,1,1,1,1,1,1,1,1,1,1,1,1,1,1,1,1,1,1,0,1,1,1,1,1,1,1,1,1,1,1,1,1],[1,1,1,1,1,1,1,1,1,1,1,0,0,0,1,1,1,1,1,1,4,0,5,1,1,1,1,1,1,1,1,1,1,1,1,1,1,1,1,1,0,0,0,1,1,1,1,1,1,1,1,1,1,1,1,1],[1,1,1,1,1,1,1,1,1,1,1,1,0,0,1,1,1,1,1,1,4,0,5,1,1,1,1,1,1,1,1,1,1,1,1,1,1,1,1,1,0,1,1,1,1,1,1,1,1,1,1,1,1,1,1,1],[1,1,1,1,1,1,1,1,1,1,1,1,0,0,1,1,1,1,1,1,1,0,1,1,1,1,1,1,1,1,1,1,3,1,1,2,3,1,1,2,0,3,1,1,2,3,1,1,2,1,1,1,1,1,1,1],[1,1,1,1,1,1,1,1,1,1,1,1,1,0,1,1,1,1,1,1,0,0,0,1,1,1,1,1,1,1,1,1,0,3,2,0,0,3,2,0,0,0,3,2,0,0,3,2,0,1,1,1,1,1,1,1],[1,1,1,1,1,1,1,1,1,1,1,1,1,0,0,1,1,1,1,1,4,0,5,1,1,1,1,1,1,1,1,1,0,0,0,0,0,0,0,0,0,0,0,0,0,0,0,0,0,1,1,1,1,1,1,1],[1,1,1,1,1,1,1,1,1,1,1,1,1,0,1,1,1,1,1,1,1,0,1,1,1,1,1,1,1,1,1,1,0,0,0,1,1,0,0,0,0,0,0,0,0,0,0,0,0,1,1,1,1,1,1,1],[1,1,1,1,1,1,1,1,1,1,1,1,1,0,1,1,1,1,1,1,1,0,1,1,1,1,1,1,1,1,1,1,0,0,0,0,0,0,0,0,0,0,0,4,5,0,0,0,0,1,1,1,1,1,1,1],[1,1,1,1,1,1,1,1,1,1,1,1,0,0,1,1,1,1,1,1,1,0,1,1,1,1,1,1,1,1,1,1,0,0,0,0,0,0,3,2,0,0,0,0,0,0,0,0,0,1,1,1,1,1,1,1],[1,1,1,1,1,1,1,1,1,1,1,1,1,0,1,1,1,1,1,1,0,0,1,1,1,1,1,1,1,1,1,1,0,0,0,0,0,0,0,0,0,0,0,0,0,4,0,0,0,1,1,1,1,1,1,1],[1,1,1,1,1,1,1,1,1,1,1,1,1,0,0,0,1,1,1,1,0,1,1,1,1,1,1,1,1,1,1,1,0,0,0,0,1,1,0,0,0,0,5,0,0,2,0,0,0,1,1,1,1,1,1,1],[1,1,1,1,1,1,1,1,1,1,1,1,1,0,1,0,1,1,1,1,0,1,1,1,1,1,1,1,1,1,1,1,0,0,5,4,0,0,0,0,0,0,3,0,0,0,5,0,0,1,1,1,1,1,1,1],[1,1,1,1,1,1,1,1,1,1,1,1,1,1,1,0,1,1,1,1,0,0,0,1,1,1,1,1,1,1,1,1,0,0,3,2,0,0,0,0,0,0,0,0,0,0,3,0,0,1,1,1,1,1,1,1],[1,1,1,1,1,1,0,0,0,0,0,0,0,0,0,0,1,1,1,1,0,1,0,1,1,1,1,1,1,1,1,1,0,0,0,0,0,0,0,0,0,0,0,0,0,0,0,0,0,1,1,1,1,1,1,1],[1,1,1,1,1,1,0,1,0,1,0,1,0,1,0,1,1,1,1,1,0,0,0,1,1,1,1,1,1,1,1,1,0,0,0,3,0,0,0,0,0,0,0,0,0,0,0,0,0,3,1,1,1,1,1,1],[1,1,1,1,1,1,0,1,0,0,0,0,0,0,0,1,1,1,1,1,0,1,1,1,1,1,1,1,1,1,1,1,0,0,0,0,0,0,0,0,0,0,0,0,0,0,0,0,0,0,3,1,1,1,1,1],[1,1,1,1,1,1,0,1,1,1,1,1,1,1,1,1,1,1,1,1,0,1,1,1,1,1,1,1,1,1,1,1,0,0,0,0,0,4,0,0,0,0,0,0,0,0,0,0,0,0,5,1,1,1,1,1],[1,1,1,1,1,1,0,1,1,1,1,1,1,1,1,1,1,1,1,1,0,1,1,1,1,1,1,1,1,0,0,0,0,0,0,0,0,2,0,0,0,0,3,2,0,0,0,0,0,5,1,1,1,1,1,1],[1,1,1,1,1,1,0,1,1,1,1,1,1,1,1,1,1,1,1,1,0,1,1,1,1,1,1,1,1,0,0,0,0,0,0,0,0,0,0,0,0,0,0,0,0,0,0,0,0,1,1,1,1,1,1,1],[1,1,1,1,1,1,0,0,0,0,0,0,0,0,0,0,0,0,0,0,0,0,1,1,1,1,1,1,1,1,1,1,1,1,1,1,1,1,1,1,0,1,1,1,1,1,1,1,1,1,1,1,1,1,1,1],[1,1,1,1,1,1,1,1,1,0,1,0,1,0,1,0,0,1,1,1,1,1,1,1,1,1,1,1,1,1,1,1,1,1,1,1,1,1,1,1,1,1,1,1,1,1,1,1,1,1,1,1,1,1,1,1],[1,1,1,1,1,1,1,1,1,1,1,1,1,1,1,1,1,1,1,1,1,1,1,1,1,1,1,1,1,1,1,1,1,1,1,1,1,1,1,1,1,1,1,1,1,1,1,1,1,1,1,1,1,1,1,1]]}
