{"unique_id":815860278,"width":24,"height":16,"start":[1,1],"end":[23,13],"entities":[{"class":"wall","start":[3,2],"end":[3,1],"oneway":false,"open":false,"color":0},{"class":"wall","start":[5,3],"end":[5,2],"oneway":false,"open":false,"color":0},{"class":"wall","start":[5,2],"end":[5,1],"oneway":false,"open":false,"color":0},{"class":"wall","start":[7,2],"end":[7,1],"oneway":false,"open":false,"color":0},{"class":"wall","start":[7,2],"end":[7,3],"oneway":false,"open":false,"color":0},{"class":"wall","start":[7,4],"end":[7,3],"oneway":false,"open":false,"color":0},{"class":"wall","start":[7,4],"end":[7,5],"oneway":false,"open":false,"color":0},{"class":"wall","start":[10,1],"end":[10,2],"oneway":false,"open":false,"color":0},{"class":"wall","start":[10,3],"end":[10,2],"oneway":false,"open":false,"color":0},{"class":"wall","start":[10,4],"end":[10,3],"oneway":false,"open":false,"color":0},{"class":"wall","start":[10,5],"end":[10,4],"oneway":false,"open":false,"color":0},{"class":"wall","start":[10,6],"end":[10,5],"oneway":false,"open":false,"color":0},{"class":"wall","start":[10,6],"end":[10,7],"oneway":false,"open":false,"color":0},{"class":"wall","start":[10,8],"end":[10,7],"oneway":false,"open":false,"color":0},{"class":"wall","start":[10,9],"end":[10,8],"oneway":false,"open":false,"color":0},{"class":"wall","start":[10,9],"end":[10,10],"oneway":false,"open":false,"color":0},{"class":"wall","start":[10,10],"end":[10,11],"oneway":false,"open":false,"color":0},{"class":"wall","start":[10,11],"end":[10,12],"oneway":false,"open":false,"color":0},{"class":"wall","start":[10,12],"end":[10,13],"oneway":false,"open":false,"color":0},{"class":"wall","start":[10,13],"end":[10,14],"oneway":false,"open":false,"color":0},{"class":"wall","start":[10,14],"end":[10,15],"oneway":false,"open":false,"color":0},{"class":"wall","start":[10,15],"end":[10,16],"oneway":false,"open":false,"color":1},{"class":"wall","start":[16,7],"end":[16,6],"oneway":false,"open":false,"color":0},{"class":"wall","start":[16,6],"end":[16,5],"oneway":false,"open":false,"color":2},{"class":"wall","start":[16,4],"end":[16,5],"oneway":false,"open":false,"color":0},{"class":"wall","start":[7,8],"end":[7,7],"oneway":false,"open":false,"color":0},{"class":"wall","start":[5,7],"end":[5,8],"oneway":false,"open":false,"color":0},{"class":"wall","start":[5,6],"end":[5,7],"oneway":false,"open":false,"color":0},{"class":"wall","start":[3,4],"end":[3,3],"oneway":false,"open":false,"color":0},{"class":"wall","start":[5,5],"end":[5,6],"oneway":false,"open":false,"color":0},{"class":"wall","start":[15,10],"end":[15,11],"oneway":false,"open":false,"color":0},{"class":"wall","start":[15,9],"end":[15,10],"oneway":false,"open":false,"color":1},{"class":"wall","start":[20,9],"end":[20,10],"oneway":false,"open":false,"color":0},{"class":"wall","start":[20,9],"end":[20,8],"oneway":false,"open":false,"color":0},{"class":"wall","start":[20,7],"end":[20,8],"oneway":false,"open":false,"color":0},{"class":"wall","start":[18,4],"end":[18,3],"oneway":false,"open":false,"color":0},{"class":"wall","start":[18,8],"end":[18,7],"oneway":false,"open":false,"color":0},{"class":"wall","start":[18,6],"end":[18,7],"oneway":false,"open":false,"color":0},{"class":"wall","start":[23,14],"end":[24,13],"oneway":false,"open":false,"color":0},{"class":"wall","start":[22,12],"end":[22,13],"oneway":false,"open":false,"color":0},{"class":"wall","start":[16,12],"end":[16,11],"oneway":false,"open":false,"color":0},{"class":"wall","start":[16,11],"end":[16,10],"oneway":false,"open":false,"color":1},{"class":"wall","start":[22,14],"end":[22,13],"oneway":false,"open":false,"color":0},{"class":"wall","start":[20,8],"end":[19,8],"oneway":true,"open":false,"color":0},{"class":"wall","start":[19,7],"end":[19,8],"oneway":false,"open":false,"color":0},{"class":"wall","start":[23,5],"end":[23,4],"oneway":false,"open":false,"color":0},{"class":"wall","start":[23,5],"end":[23,6],"oneway":false,"open":false,"color":0},{"class":"wall","start":[11,12],"end":[10,12],"oneway":true,"open":false,"color":0},{"class":"wall","start":[12,12],"end":[11,12],"oneway":true,"open":false,"color":0},{"class":"wall","start":[13,12],"end":[12,12],"oneway":true,"open":false,"color":0},{"class":"button","type":0,"pos":[21.6597,12.7348],"walls":[35]},{"class":"button","type":2,"pos":[23.521,5.49547],"walls":[44]},{"class":"enemy","type":"headache","pos":[19.448,7.47236],"color":1,"angle":0}],"cells":[[1,1,1,1,1,1,1,1,1,1,1,1,1,1,1,1,1,1,1,1,1,1,1,1],[1,0,0,0,0,0,0,0,0,0,0,0,0,1,1,1,1,1,1,1,1,1,1,1],[1,0,0,0,0,0,0,0,0,0,0,0,0,1,1,1,1,1,1,1,1,1,1,1],[1,0,0,0,0,0,0,0,0,0,0,0,0,1,1,1,0,0,0,0,0,0,0,3],[1,1,1,1,0,0,0,0,0,0,0,0,0,3,1,2,0,0,1,1,4,0,0,0],[1,1,1,1,0,0,0,0,0,0,0,0,0,0,0,0,0,0,1,1,1,0,0,0],[1,1,1,1,0,0,0,0,0,0,0,0,0,0,0,0,0,0,3,1,2,0,0,1],[1,1,1,1,0,0,0,0,0,0,0,0,0,0,0,1,1,4,0,0,0,0,0,1],[1,1,1,1,1,1,1,0,0,0,0,0,0,0,0,1,1,1,0,0,0,0,0,3],[1,1,1,1,1,1,1,0,0,0,0,0,0,0,0,3,1,2,0,0,0,0,0,0],[1,1,1,1,1,1,1,0,0,0,0,0,0,0,0,0,0,0,0,1,1,4,0,0],[1,1,1,1,1,1,1,0,0,0,0,0,0,1,1,4,0,0,0,1,1,1,0,0],[1,1,1,1,1,1,1,0,0,0,0,0,0,1,1,1,0,0,0,3,1,2,0,0],[1,1,1,1,1,1,1,0,0,0,0,0,0,3,1,2,0,0,0,0,0,0,0,0],[1,1,1,1,1,1,1,0,0,0,0,0,0,1,1,1,1,1,1,1,1,1,1,1],[1,1,1,1,1,1,1,0,0,0,0,0,0,1,1,1,1,1,1,1,1,1,1,1]]}
