{
  "Floyd-Warshall": "Floyd–Warshall algorithm is an algorithm for finding shortest paths in a weighted graph with positive or negative edge weights (but with no negative cycles)",
  "Applications": [
    ""
  ],
  "Complexity": {
    "time": "worst $O(|V|^3)$",
    "space": "worst $O(|V|^2)$"
  },
  "References": [
    "<a href='https://en.wikipedia.org/wiki/Floyd–Warshall_algorithm'>Wikipedia</a>"
  ],
  "files": {
    "shortest_paths": "Finding the shortest path between all nodes"
  }
}
