{
  "Job Scheduling Algorithm": "An array of jobs along with their deadline and profit (if job completes within deadline) where every job takes single unit of time. Maximize total profit if only one job can be scheduled at a time.",
  "Applications": [

  ],
  "Complexity": {
    "time": " $O(N^2)$",
    "space": "$O(N)$"
  },
  "References": [
    "<a href='http://ocw.mit.edu/courses/civil-and-environmental-engineering/1-204-computer-algorithms-in-systems-engineering-spring-2010/lecture-notes/MIT1_204S10_lec10.pdf'>mit.edu</a>"
  ],
  "files": {
    "job_scheduling": "Job Scheduling Algorithm"
  }
}
