{
  "Majority Element(Boyer–Moore majority vote algorithm)": "The majority vote problem is to determine in any given sequence of choices whether there is a choice with more occurrences than half of the total number of choices in the sequence and if so, to determine this choice.",
  "Complexity": {
    "time": " $O(N)$",
    "space": "$O(logN)$"
  },
  "References": [
    "<a href='https://en.wikipedia.org/wiki/Boyer%E2%80%93Moore_majority_vote_algorithm'>Wikipedia</a>"
  ],
  "files": {
    "basic": "Find majority element in array using Boyer–Moore majority vote algorithm"
  }
}
