{
  "Insertion Sort": "Insertion sort is a simple sorting algorithm that builds the final sorted array (or list) one item at a time. It is much less efficient on large lists than more advanced algorithms such as quicksort, heapsort, or merge sort.",
  "Complexity": {
    "time": "worst $O(n^2)$, best $O(n)$, average $O(n^2)$",
    "space": "worst $O(1)$ auxiliary"
  },
  "References": [
    "<a href='https://en.wikipedia.org/wiki/Insertion_sort'>Wikipedia</a>"
  ],
  "files": {
    "basic": "Insertion sort"
  }
}
