{
  "Caesar Cipher": "In cryptography, a Caesar cipher, also known as Caesar's cipher, the shift cipher, Caesar's code or Caesar shift, is one of the simplest and most widely known encryption techniques. It is a type of substitution cipher in which each letter in the plaintext is replaced by a letter some fixed number of positions down the alphabet. For example, with a left shift of 3, D would be replaced by A, E would become B, and so on. The method is named after Julius Caesar, who used it in his private correspondence.",
  "Applications": [
    "Often incorporated as part of more complex schemes, such as the Vigenère cipher"
  ],
  "Complexity": {
    "time": "best O(N * #ofRotations), worst O(N * #ofRotations * alphabetSize)",
    "space": "best O(1), worst O(alphabetSize)"
  },
  "References": [
    "<a href='https://en.wikipedia.org/wiki/Caesar_cipher'>Wikipedia</a>"
  ],
  "files": {
    "basic": "Encrypting and Decrypting a string using character rotation"
  }
}
